--
-- Script was generated by Devart dbForge Studio 2022 for MySQL, Version 9.1.21.0
-- Product home page: http://www.devart.com/dbforge/mysql/studio
-- Script date 05/14/2023 9:53:57 AM
-- Server version: 8.0.30
-- Client version: 4.1
--

-- 
-- Disable foreign keys
-- 
/*!40014 SET @OLD_FOREIGN_KEY_CHECKS=@@FOREIGN_KEY_CHECKS, FOREIGN_KEY_CHECKS=0 */;

-- 
-- Set SQL mode
-- 
/*!40101 SET @OLD_SQL_MODE=@@SQL_MODE, SQL_MODE='NO_AUTO_VALUE_ON_ZERO' */;

-- 
-- Set character set the client will use to send SQL statements to the server
--
SET NAMES 'utf8';

--
-- Set default database
--
USE `misa.hcsn.web01`;

--
-- Drop procedure `Proc_fixed_asset_CheckAssetIncremented`
--
DROP PROCEDURE IF EXISTS Proc_fixed_asset_CheckAssetIncremented;

--
-- Drop procedure `Proc_fixed_asset_choose_GetPaging`
--
DROP PROCEDURE IF EXISTS Proc_fixed_asset_choose_GetPaging;

--
-- Drop procedure `Proc_fixed_asset_DeleteMultiple`
--
DROP PROCEDURE IF EXISTS Proc_fixed_asset_DeleteMultiple;

--
-- Drop procedure `Proc_fixed_asset_GetPaging`
--
DROP PROCEDURE IF EXISTS Proc_fixed_asset_GetPaging;

--
-- Drop procedure `Proc_fixed_asset_GetPagingExcel`
--
DROP PROCEDURE IF EXISTS Proc_fixed_asset_GetPagingExcel;

--
-- Drop procedure `Proc_fixed_asset_increment_DeleteMultiple`
--
DROP PROCEDURE IF EXISTS Proc_fixed_asset_increment_DeleteMultiple;

--
-- Drop procedure `Proc_fixed_asset_increment_detail_DeleteMultiple`
--
DROP PROCEDURE IF EXISTS Proc_fixed_asset_increment_detail_DeleteMultiple;

--
-- Drop procedure `Proc_fixed_asset_increment_detail_Insert`
--
DROP PROCEDURE IF EXISTS Proc_fixed_asset_increment_detail_Insert;

--
-- Drop procedure `Proc_fixed_asset_increment_GetPaging`
--
DROP PROCEDURE IF EXISTS Proc_fixed_asset_increment_GetPaging;

--
-- Drop procedure `Proc_fixed_asset_UpdateActive`
--
DROP PROCEDURE IF EXISTS Proc_fixed_asset_UpdateActive;

--
-- Drop table `budget`
--
DROP TABLE IF EXISTS budget;

--
-- Drop view `view_fixed_asset`
--
DROP VIEW IF EXISTS view_fixed_asset CASCADE;

--
-- Drop view `view_fixed_asset_choose`
--
DROP VIEW IF EXISTS view_fixed_asset_choose CASCADE;

--
-- Drop procedure `Proc_fixed_asset_increment_GetByVoucher`
--
DROP PROCEDURE IF EXISTS Proc_fixed_asset_increment_GetByVoucher;

--
-- Drop view `view_increment_detail`
--
DROP VIEW IF EXISTS view_increment_detail CASCADE;

--
-- Drop table `fixed_asset_increment_detail`
--
DROP TABLE IF EXISTS fixed_asset_increment_detail;

--
-- Drop procedure `Proc_fixed_asset_increment_DuplicateCode`
--
DROP PROCEDURE IF EXISTS Proc_fixed_asset_increment_DuplicateCode;

--
-- Drop procedure `Proc_fixed_asset_increment_GetMaxCode`
--
DROP PROCEDURE IF EXISTS Proc_fixed_asset_increment_GetMaxCode;

--
-- Drop procedure `Proc_fixed_asset_increment_Insert`
--
DROP PROCEDURE IF EXISTS Proc_fixed_asset_increment_Insert;

--
-- Drop procedure `Proc_fixed_asset_increment_Update`
--
DROP PROCEDURE IF EXISTS Proc_fixed_asset_increment_Update;

--
-- Drop table `fixed_asset_increment`
--
DROP TABLE IF EXISTS fixed_asset_increment;

--
-- Drop procedure `Proc_fixed_asset_cost_Update`
--
DROP PROCEDURE IF EXISTS Proc_fixed_asset_cost_Update;

--
-- Drop procedure `Proc_fixed_asset_DuplicateCode`
--
DROP PROCEDURE IF EXISTS Proc_fixed_asset_DuplicateCode;

--
-- Drop procedure `Proc_fixed_asset_GetMaxCode`
--
DROP PROCEDURE IF EXISTS Proc_fixed_asset_GetMaxCode;

--
-- Drop procedure `Proc_fixed_asset_Insert`
--
DROP PROCEDURE IF EXISTS Proc_fixed_asset_Insert;

--
-- Drop procedure `Proc_fixed_asset_Update`
--
DROP PROCEDURE IF EXISTS Proc_fixed_asset_Update;

--
-- Drop procedure `procedure_getby`
--
DROP PROCEDURE IF EXISTS procedure_getby;

--
-- Drop table `fixed_asset`
--
DROP TABLE IF EXISTS fixed_asset;

--
-- Drop table `department`
--
DROP TABLE IF EXISTS department;

--
-- Drop table `fixed_asset_category`
--
DROP TABLE IF EXISTS fixed_asset_category;

--
-- Set default database
--
USE `misa.hcsn.web01`;

--
-- Create table `fixed_asset_category`
--
CREATE TABLE fixed_asset_category (
  fixed_asset_category_id CHAR(36) NOT NULL COMMENT 'Id loại tài sản',
  fixed_asset_category_code VARCHAR(50) DEFAULT NULL COMMENT 'Mã loại tài sản',
  fixed_asset_category_name VARCHAR(255) DEFAULT NULL COMMENT 'Tên loại tài sản',
  organization_id CHAR(36) DEFAULT NULL COMMENT 'Id của đơn vị',
  depreciation_rate FLOAT DEFAULT NULL COMMENT 'Tỷ lệ hao mòn (%)',
  life_time INT DEFAULT NULL COMMENT 'Số năm sử dụng ',
  description VARCHAR(500) DEFAULT NULL COMMENT 'Ghi chú',
  created_by VARCHAR(50) DEFAULT NULL COMMENT 'Người tạo',
  created_date TIMESTAMP NULL DEFAULT CURRENT_TIMESTAMP COMMENT 'Ngày tạo',
  modified_by VARCHAR(50) DEFAULT NULL COMMENT 'Người sửa',
  modified_date TIMESTAMP NULL DEFAULT CURRENT_TIMESTAMP COMMENT 'Ngày sửa',
  PRIMARY KEY (fixed_asset_category_id)
)
ENGINE = INNODB,
AVG_ROW_LENGTH = 2340,
CHARACTER SET utf8mb4,
COLLATE utf8mb4_general_ci,
COMMENT = 'Loại tài sản';

--
-- Create table `department`
--
CREATE TABLE department (
  department_id CHAR(36) NOT NULL,
  department_code VARCHAR(50) DEFAULT NULL COMMENT 'Mã của phòng ban',
  department_name VARCHAR(255) DEFAULT NULL COMMENT 'Tên phòng ban',
  description VARCHAR(500) DEFAULT NULL COMMENT 'Ghi chú',
  is_parent BIT(1) DEFAULT NULL COMMENT 'Có phải là cha không',
  parent_id CHAR(36) DEFAULT NULL COMMENT 'Id phòng ban cha',
  organization_id CHAR(36) DEFAULT NULL COMMENT 'Id của đơn vị',
  created_by VARCHAR(50) DEFAULT NULL COMMENT 'Người tạo',
  created_date TIMESTAMP NULL DEFAULT CURRENT_TIMESTAMP COMMENT 'Ngày tạo',
  modified_by VARCHAR(50) DEFAULT NULL COMMENT 'Người sửa',
  modified_date TIMESTAMP NULL DEFAULT CURRENT_TIMESTAMP COMMENT 'Ngày sửa',
  PRIMARY KEY (department_id)
)
ENGINE = INNODB,
AVG_ROW_LENGTH = 2340,
CHARACTER SET utf8mb4,
COLLATE utf8mb4_general_ci,
COMMENT = 'Danh mục phòng ban';

--
-- Create table `fixed_asset`
--
CREATE TABLE fixed_asset (
  fixed_asset_id CHAR(36) NOT NULL COMMENT 'Id tài sản',
  fixed_asset_code VARCHAR(100) DEFAULT NULL COMMENT 'Mã tài sản',
  fixed_asset_name VARCHAR(255) DEFAULT NULL COMMENT 'Tên tài sản',
  organization_id CHAR(36) DEFAULT NULL COMMENT 'Id của đơn vị',
  organization_code VARCHAR(50) DEFAULT NULL COMMENT 'Mã đơn vị',
  organization_name VARCHAR(255) DEFAULT NULL COMMENT 'Tên của đơn vị',
  department_id CHAR(36) DEFAULT NULL COMMENT 'Id phòng ban',
  department_code VARCHAR(50) DEFAULT NULL COMMENT 'Mã phòng ban',
  department_name VARCHAR(255) DEFAULT NULL,
  fixed_asset_category_id CHAR(36) DEFAULT NULL COMMENT 'Id loại tài sản',
  fixed_asset_category_code VARCHAR(50) DEFAULT NULL COMMENT 'Mã loại tài sản',
  fixed_asset_category_name VARCHAR(255) DEFAULT NULL COMMENT 'Tên loại tài sản',
  purchase_date TIMESTAMP NULL DEFAULT CURRENT_TIMESTAMP COMMENT 'Ngày mua',
  cost DECIMAL(19, 0) DEFAULT NULL COMMENT 'nguyên giá',
  quantity INT DEFAULT 0 COMMENT 'Số lượng',
  depreciation_rate FLOAT DEFAULT NULL COMMENT 'Tỷ lệ hao mòn (%)',
  depreciation_value DECIMAL(19, 0) DEFAULT NULL,
  tracked_year TIMESTAMP NULL DEFAULT NULL COMMENT 'Năm bắt đầu theo dõi tài sản trên phần mềm',
  life_time INT DEFAULT NULL COMMENT 'Số năm sử dụng ',
  production_year INT DEFAULT NULL COMMENT 'Năm sử dụng',
  active SMALLINT DEFAULT 0 COMMENT 'Sử dụng',
  created_by VARCHAR(50) DEFAULT NULL COMMENT 'Người tạo',
  created_date TIMESTAMP NULL DEFAULT CURRENT_TIMESTAMP COMMENT 'Ngày tạo',
  modified_by VARCHAR(50) DEFAULT NULL COMMENT 'Người sửa',
  modified_date TIMESTAMP NULL DEFAULT CURRENT_TIMESTAMP COMMENT 'Ngày sửa',
  total_cost TEXT DEFAULT NULL,
  PRIMARY KEY (fixed_asset_id)
)
ENGINE = INNODB,
AVG_ROW_LENGTH = 459,
CHARACTER SET utf8mb4,
COLLATE utf8mb4_general_ci;

--
-- Create index `fixed_asset_code` on table `fixed_asset`
--
ALTER TABLE fixed_asset 
  ADD UNIQUE INDEX fixed_asset_code(fixed_asset_code);

--
-- Create foreign key
--
ALTER TABLE fixed_asset 
  ADD CONSTRAINT FK_fixed_asset_department_id FOREIGN KEY (department_id)
    REFERENCES department(department_id);

--
-- Create foreign key
--
ALTER TABLE fixed_asset 
  ADD CONSTRAINT FK_fixed_asset_fixed_asset_category_id FOREIGN KEY (fixed_asset_category_id)
    REFERENCES fixed_asset_category(fixed_asset_category_id);

DELIMITER $$

--
-- Create procedure `procedure_getby`
--
CREATE 
	DEFINER = 'root'@'localhost'
PROCEDURE procedure_getby(IN v_active INT)
BEGIN
SELECT
  *
FROM fixed_asset
WHERE active = v_active;
END
$$

--
-- Create procedure `Proc_fixed_asset_Update`
--
CREATE PROCEDURE Proc_fixed_asset_Update(IN `@fixed_asset_id` CHAR(36), IN `@fixed_asset_code` VARCHAR(100), IN `@fixed_asset_name` VARCHAR(255), IN `@department_id` CHAR(36), IN `@department_code` VARCHAR(100), IN `@department_name` VARCHAR(255), IN `@fixed_asset_category_id` CHAR(36), IN `@fixed_asset_category_code` VARCHAR(100), IN `@fixed_asset_category_name` VARCHAR(255), IN `@purchase_date` TIMESTAMP, IN `@cost` DECIMAL(19, 4), IN `@quantity` INT, IN `@depreciation_rate` FLOAT, IN `@depreciation_value` DECIMAL(19, 4), IN `@tracked_year` TIMESTAMP, IN `@life_time` INT, IN `@production_year` INT, IN `@created_by` VARCHAR(50), IN `@created_date` TIMESTAMP, IN `@modified_by` VARCHAR(50), IN `@modified_date` TIMESTAMP, IN `@total_cost` TEXT)
  SQL SECURITY INVOKER
BEGIN
UPDATE fixed_asset
SET fixed_asset_code = `@fixed_asset_code`,
    fixed_asset_name = `@fixed_asset_name`,
    department_id = `@department_id`,
    department_code = `@department_code`,
    department_name = `@department_name`,
    fixed_asset_category_id = `@fixed_asset_category_id`,
    fixed_asset_category_code = `@fixed_asset_category_code`,
    fixed_asset_category_name = `@fixed_asset_category_name`,
    purchase_date = `@purchase_date`,
    cost = `@cost`,
    quantity = `@quantity`,
    depreciation_rate = `@depreciation_rate`,
    depreciation_value = `@depreciation_value`,
    tracked_year = `@tracked_year`,
    life_time = `@life_time`,
    production_year = `@production_year`,
    created_by = `@created_by`,
    created_date = `@created_date`,
    modified_by = `@modified_by`,
    modified_date = CURRENT_TIMESTAMP,
    total_cost = `@total_cost`
WHERE fixed_asset.fixed_asset_id COLLATE utf8mb4_general_ci = `@fixed_asset_id`;
END
$$

--
-- Create procedure `Proc_fixed_asset_Insert`
--
CREATE PROCEDURE Proc_fixed_asset_Insert(IN `@fixed_asset_id` CHAR(36),
 IN `@fixed_asset_code` VARCHAR(100), IN `@fixed_asset_name` VARCHAR(255), IN `@department_id` CHAR(36),
 IN `@department_code` VARCHAR(100), IN `@department_name` VARCHAR(255), IN `@fixed_asset_category_id` CHAR(36), 
 IN `@fixed_asset_category_code` VARCHAR(100), IN `@fixed_asset_category_name` VARCHAR(255),
 IN `@purchase_date` TIMESTAMP, IN `@cost` DECIMAL(19, 0), IN `@quantity` INT, IN `@depreciation_rate` FLOAT,  IN `@depreciation_value` DECIMAL(19, 0),
 IN `@tracked_year` TIMESTAMP, IN `@life_time` INT, IN `@production_year` INT,IN `@created_by` VARCHAR(50),
 IN `@created_date` TIMESTAMP, IN `@modified_by` VARCHAR(50), IN `@modified_date` TIMESTAMP)
  SQL SECURITY INVOKER
BEGIN
INSERT INTO fixed_asset (fixed_asset_id, fixed_asset_code, fixed_asset_name, department_id, department_code, department_name
, fixed_asset_category_id, fixed_asset_category_code, fixed_asset_category_name, purchase_date, cost, quantity, depreciation_rate, depreciation_value, tracked_year
, life_time, production_year, active, created_by, created_date, modified_by, modified_date)
  VALUES (`@fixed_asset_id`, `@fixed_asset_code`, `@fixed_asset_name`, `@department_id`, `@department_code`, `@department_name`, `@fixed_asset_category_id`, `@fixed_asset_category_code`, `@fixed_asset_category_name`, `@purchase_date`, `@cost`, `@quantity`, `@depreciation_rate`, `@depreciation_value`, `@tracked_year`, `@life_time`, `@production_year`, 0, `@created_by`, CURRENT_TIMESTAMP, `@modified_by`, CURRENT_TIMESTAMP);

END
$$

--
-- Create procedure `Proc_fixed_asset_GetMaxCode`
--
CREATE PROCEDURE Proc_fixed_asset_GetMaxCode()
  SQL SECURITY INVOKER
BEGIN

SELECT
  MAX(fixed_asset_code)
FROM fixed_asset
WHERE LENGTH(fixed_asset_code) = (SELECT
    MAX(LENGTH(fixed_asset_code))
  FROM fixed_asset);
END
$$

--
-- Create procedure `Proc_fixed_asset_DuplicateCode`
--
CREATE 
	DEFINER = 'root'@'localhost'
PROCEDURE Proc_fixed_asset_DuplicateCode(IN v_Code VARCHAR(20), IN v_Id CHAR(36))
BEGIN
SELECT
  fixed_asset.fixed_asset_code
FROM fixed_asset
WHERE fixed_asset_id COLLATE utf8mb4_general_ci != v_Id
AND fixed_asset_code COLLATE utf8mb4_general_ci = v_Code;
END
$$

--
-- Create procedure `Proc_fixed_asset_cost_Update`
--
CREATE PROCEDURE Proc_fixed_asset_cost_Update(IN `@fixed_asset_id` CHAR(36), IN `@fixed_asset_code` VARCHAR(100), IN `@fixed_asset_name` VARCHAR(255), IN `@department_id` CHAR(36), IN `@department_code` VARCHAR(100), IN `@department_name` VARCHAR(255), IN `@fixed_asset_category_id` CHAR(36), IN `@fixed_asset_category_code` VARCHAR(100), IN `@fixed_asset_category_name` VARCHAR(255), IN `@purchase_date` TIMESTAMP, IN `@cost` DECIMAL(19, 4), IN `@quantity` INT, IN `@depreciation_rate` FLOAT, IN `@depreciation_value` DECIMAL(19, 4), IN `@tracked_year` TIMESTAMP, IN `@life_time` INT, IN `@production_year` INT, IN `@created_by` VARCHAR(50), IN `@created_date` TIMESTAMP, IN `@modified_by` VARCHAR(50), IN `@modified_date` TIMESTAMP, IN `@total_cost` TEXT)
  SQL SECURITY INVOKER
BEGIN
UPDATE fixed_asset
SET cost = `@cost`,
    created_by = `@created_by`,
    created_date = `@created_date`,
    modified_by = `@modified_by`,
    modified_date = CURRENT_TIMESTAMP,
    total_cost = `@total_cost`
WHERE fixed_asset.fixed_asset_id COLLATE utf8mb4_general_ci = `@fixed_asset_id`;
END
$$

DELIMITER ;

--
-- Create table `fixed_asset_increment`
--
CREATE TABLE fixed_asset_increment (
  voucher_id CHAR(36) CHARACTER SET utf8mb4 COLLATE utf8mb4_general_ci NOT NULL DEFAULT '' COMMENT 'ID chứng từ',
  voucher_code VARCHAR(100) CHARACTER SET utf8mb4 COLLATE utf8mb4_general_ci DEFAULT NULL COMMENT 'Mã chứng từ',
  voucher_date TIMESTAMP NULL DEFAULT NULL COMMENT 'Ngày chứng từ',
  fixed_asset_increment_date TIMESTAMP NULL DEFAULT NULL COMMENT 'Ngày ghi tăng',
  start_use_date TIMESTAMP NULL DEFAULT NULL,
  total_price DECIMAL(18, 0) DEFAULT NULL COMMENT 'Tổng nguyên giá',
  description TEXT CHARACTER SET utf8mb4 COLLATE utf8mb4_general_ci DEFAULT NULL COMMENT 'Ghi chú',
  created_by VARCHAR(50) CHARACTER SET utf8mb4 COLLATE utf8mb4_general_ci DEFAULT NULL COMMENT 'Người tạo',
  created_date TIMESTAMP NULL DEFAULT NULL COMMENT 'Ngày tạo ',
  modified_by VARCHAR(50) CHARACTER SET utf8mb4 COLLATE utf8mb4_general_ci DEFAULT NULL COMMENT 'Người sửa ',
  modified_date TIMESTAMP NULL DEFAULT NULL COMMENT 'Ngày sửa',
  PRIMARY KEY (voucher_id)
)
ENGINE = INNODB,
AVG_ROW_LENGTH = 32768,
CHARACTER SET utf8mb3,
COLLATE utf8mb3_general_ci,
COMMENT = 'bảng ghi tăng';

--
-- Create index `voucher_code` on table `fixed_asset_increment`
--
ALTER TABLE fixed_asset_increment 
  ADD UNIQUE INDEX voucher_code(voucher_code);

DELIMITER $$

--
-- Create procedure `Proc_fixed_asset_increment_Update`
--
CREATE 
	DEFINER = 'root'@'localhost'
PROCEDURE Proc_fixed_asset_increment_Update(IN `@voucher_id` CHAR(36), IN `@voucher_code` VARCHAR(100), IN `@voucher_date` TIMESTAMP, IN `@fixed_asset_increment_date` TIMESTAMP, IN `@start_use_date` TIMESTAMP, IN `@total_price` DECIMAL(18,0), IN `@description` TEXT, IN `@created_by` VARCHAR(50), IN `@created_date` TIMESTAMP, IN `@modified_by` VARCHAR(50), IN `@modified_date` TIMESTAMP)
BEGIN
UPDATE fixed_asset_increment
SET voucher_code = `@voucher_code`,
    voucher_date = `@voucher_date`,
    fixed_asset_increment_date = `@fixed_asset_increment_date`,
    start_use_date = `@start_use_date`,
    total_price = `@total_price`,
    description = `@description`,
    created_by = 'htthoa',
    created_date = `@created_date`,
    modified_by = 'htthoa',
    modified_date = CURRENT_TIMESTAMP
WHERE voucher_id COLLATE utf8mb4_general_ci = `@voucher_id`
;

END
$$

--
-- Create procedure `Proc_fixed_asset_increment_Insert`
--
CREATE 
	DEFINER = 'root'@'localhost'
PROCEDURE Proc_fixed_asset_increment_Insert(IN `@voucher_id` CHAR(36), IN `@voucher_code` VARCHAR(100), IN `@voucher_date` TIMESTAMP, IN `@fixed_asset_increment_date` TIMESTAMP, IN `@start_use_date` TIMESTAMP, IN `@total_price` DECIMAL(18, 4), IN `@description` TEXT, IN `@created_by` VARCHAR(50), IN `@created_date` TIMESTAMP, IN `@modified_by` VARCHAR(50), IN `@modified_date` TIMESTAMP)
BEGIN
INSERT INTO fixed_asset_increment
  VALUES (`@voucher_id`, `@voucher_code`, CURRENT_TIMESTAMP, `@fixed_asset_increment_date`, `@start_use_date`, `@total_price`, `@description`, 'htthoa', CURRENT_TIMESTAMP, 'htthoa', CURRENT_TIMESTAMP);
END
$$

--
-- Create procedure `Proc_fixed_asset_increment_GetMaxCode`
--
CREATE PROCEDURE Proc_fixed_asset_increment_GetMaxCode()
  SQL SECURITY INVOKER
BEGIN
SELECT
  MAX(voucher_code)
FROM fixed_asset_increment
WHERE LENGTH(voucher_code) = (SELECT
    MAX(LENGTH(voucher_code))
  FROM fixed_asset_increment);
END
$$

--
-- Create procedure `Proc_fixed_asset_increment_DuplicateCode`
--
CREATE PROCEDURE Proc_fixed_asset_increment_DuplicateCode(IN v_Code VARCHAR(100), IN v_Id CHAR(36))
  SQL SECURITY INVOKER
BEGIN
SELECT
  fixed_asset_increment.voucher_code
FROM fixed_asset_increment
WHERE voucher_id COLLATE utf8mb4_general_ci != v_Id
AND voucher_code COLLATE utf8mb4_general_ci = v_Code;
END
$$

DELIMITER ;

--
-- Create table `fixed_asset_increment_detail`
--
CREATE TABLE fixed_asset_increment_detail (
  fixed_asset_id CHAR(36) CHARACTER SET utf8mb4 COLLATE utf8mb4_general_ci NOT NULL DEFAULT '' COMMENT 'mã chứng từ ',
  created_by VARCHAR(50) CHARACTER SET utf8mb4 COLLATE utf8mb4_general_ci DEFAULT NULL COMMENT 'Người tạo',
  created_date TIMESTAMP NULL DEFAULT NULL COMMENT 'ngày tạo ',
  modified_by VARCHAR(50) CHARACTER SET utf8mb4 COLLATE utf8mb4_general_ci DEFAULT NULL COMMENT 'người sửa',
  modified_date TIMESTAMP NULL DEFAULT NULL COMMENT 'ngày sửa',
  voucher_id CHAR(36) CHARACTER SET utf8mb4 COLLATE utf8mb4_general_ci NOT NULL COMMENT 'id chung tu',
  PRIMARY KEY (fixed_asset_id, voucher_id)
)
ENGINE = INNODB,
AVG_ROW_LENGTH = 334,
CHARACTER SET utf8mb3,
COLLATE utf8mb3_general_ci,
COMMENT = 'bảng chi tiết chứng từ ';

--
-- Create index `UK_fixed_asset_increment_detail_created_by` on table `fixed_asset_increment_detail`
--
ALTER TABLE fixed_asset_increment_detail 
  ADD UNIQUE INDEX UK_fixed_asset_increment_detail_created_by(created_by);

--
-- Create foreign key
--
ALTER TABLE fixed_asset_increment_detail 
  ADD CONSTRAINT FK_fixed_asset_increment_detail_fixed_asset_id FOREIGN KEY (fixed_asset_id)
    REFERENCES fixed_asset(fixed_asset_id);

--
-- Create foreign key
--
ALTER TABLE fixed_asset_increment_detail 
  ADD CONSTRAINT FK_fixed_asset_increment_detail_voucher_id FOREIGN KEY (voucher_id)
    REFERENCES fixed_asset_increment(voucher_id) ON DELETE CASCADE;

--
-- Create view `view_increment_detail`
--
CREATE 
	DEFINER = 'root'@'localhost'
	SQL SECURITY INVOKER
VIEW view_increment_detail
AS
SELECT
  `fixed_asset`.`fixed_asset_code` AS `fixed_asset_code`,
  `fixed_asset`.`fixed_asset_name` AS `fixed_asset_name`,
  `fixed_asset`.`department_name` AS `department_name`,
  `fixed_asset`.`cost` AS `cost`,
  `fixed_asset`.`life_time` AS `life_time`,
  `fixed_asset`.`tracked_year` AS `tracked_year`,
  `fixed_asset`.`depreciation_value` AS `depreciation_value`,
  `fixed_asset_increment_detail`.`fixed_asset_id` AS `fixed_asset_id`,
  `fixed_asset_increment_detail`.`voucher_id` AS `voucher_id`,
  IF((ROUND(((TO_DAYS(CURDATE()) - TO_DAYS(`fixed_asset`.`tracked_year`)) / 30), 0) > (`fixed_asset`.`life_time` * 12)), `fixed_asset`.`cost`, ROUND((ROUND(((TO_DAYS(CURDATE()) - TO_DAYS(`fixed_asset`.`tracked_year`)) / 30), 0) * (`fixed_asset`.`depreciation_value` / 12)), 0)) AS `impoverishment`
FROM (`fixed_asset`
  JOIN `fixed_asset_increment_detail`)
WHERE (`fixed_asset`.`fixed_asset_id` = `fixed_asset_increment_detail`.`fixed_asset_id`);

DELIMITER $$

--
-- Create procedure `Proc_fixed_asset_increment_GetByVoucher`
--
CREATE PROCEDURE Proc_fixed_asset_increment_GetByVoucher(IN v_id CHAR(36))
  SQL SECURITY INVOKER
BEGIN
SELECT
  *
FROM view_increment_detail
WHERE voucher_id COLLATE utf8mb4_general_ci = v_id;

END
$$

DELIMITER ;

--
-- Create view `view_fixed_asset_choose`
--
CREATE 
	DEFINER = 'root'@'localhost'
VIEW view_fixed_asset_choose
AS
SELECT
  `fixed_asset`.`fixed_asset_id` AS `fixed_asset_id`,
  `fixed_asset`.`fixed_asset_code` AS `fixed_asset_code`,
  `fixed_asset`.`fixed_asset_name` AS `fixed_asset_name`,
  `fixed_asset`.`organization_id` AS `organization_id`,
  `fixed_asset`.`organization_code` AS `organization_code`,
  `fixed_asset`.`organization_name` AS `organization_name`,
  `fixed_asset`.`department_id` AS `department_id`,
  `fixed_asset`.`department_code` AS `department_code`,
  `fixed_asset`.`department_name` AS `department_name`,
  `fixed_asset`.`fixed_asset_category_id` AS `fixed_asset_category_id`,
  `fixed_asset`.`fixed_asset_category_code` AS `fixed_asset_category_code`,
  `fixed_asset`.`fixed_asset_category_name` AS `fixed_asset_category_name`,
  `fixed_asset`.`purchase_date` AS `purchase_date`,
  `fixed_asset`.`cost` AS `cost`,
  `fixed_asset`.`quantity` AS `quantity`,
  `fixed_asset`.`depreciation_rate` AS `depreciation_rate`,
  `fixed_asset`.`depreciation_value` AS `depreciation_value`,
  `fixed_asset`.`tracked_year` AS `tracked_year`,
  `fixed_asset`.`life_time` AS `life_time`,
  `fixed_asset`.`production_year` AS `production_year`,
  `fixed_asset`.`active` AS `active`,
  `fixed_asset`.`created_by` AS `created_by`,
  `fixed_asset`.`created_date` AS `created_date`,
  `fixed_asset`.`modified_by` AS `modified_by`,
  `fixed_asset`.`modified_date` AS `modified_date`,
  `fixed_asset`.`total_cost` AS `total_cost`,
  `fixed_asset_increment_detail`.`voucher_id` AS `voucher_id`,
  IF((ROUND(((TO_DAYS(CURDATE()) - TO_DAYS(`fixed_asset`.`tracked_year`)) / 30), 0) > (`fixed_asset`.`life_time` * 12)), `fixed_asset`.`cost`, ROUND((ROUND(((TO_DAYS(CURDATE()) - TO_DAYS(`fixed_asset`.`tracked_year`)) / 30), 0) * (`fixed_asset`.`depreciation_value` / 12)), 0)) AS `impoverishment`
FROM (`fixed_asset`
  LEFT JOIN `fixed_asset_increment_detail`
    ON ((`fixed_asset`.`fixed_asset_id` = `fixed_asset_increment_detail`.`fixed_asset_id`)));

--
-- Create view `view_fixed_asset`
--
CREATE 
	DEFINER = 'root'@'localhost'
VIEW view_fixed_asset
AS
SELECT
  `fixed_asset`.`fixed_asset_id` AS `fixed_asset_id`,
  `fixed_asset`.`fixed_asset_code` AS `fixed_asset_code`,
  `fixed_asset`.`fixed_asset_name` AS `fixed_asset_name`,
  `fixed_asset`.`organization_id` AS `organization_id`,
  `fixed_asset`.`organization_code` AS `organization_code`,
  `fixed_asset`.`organization_name` AS `organization_name`,
  `fixed_asset`.`department_id` AS `department_id`,
  `fixed_asset`.`department_code` AS `department_code`,
  `fixed_asset`.`department_name` AS `department_name`,
  `fixed_asset`.`fixed_asset_category_id` AS `fixed_asset_category_id`,
  `fixed_asset`.`fixed_asset_category_code` AS `fixed_asset_category_code`,
  `fixed_asset`.`fixed_asset_category_name` AS `fixed_asset_category_name`,
  `fixed_asset`.`purchase_date` AS `purchase_date`,
  `fixed_asset`.`cost` AS `cost`,
  `fixed_asset`.`quantity` AS `quantity`,
  `fixed_asset`.`depreciation_rate` AS `depreciation_rate`,
  `fixed_asset`.`depreciation_value` AS `depreciation_value`,
  `fixed_asset`.`tracked_year` AS `tracked_year`,
  `fixed_asset`.`life_time` AS `life_time`,
  `fixed_asset`.`production_year` AS `production_year`,
  `fixed_asset`.`active` AS `active`,
  `fixed_asset`.`created_by` AS `created_by`,
  `fixed_asset`.`created_date` AS `created_date`,
  `fixed_asset`.`modified_by` AS `modified_by`,
  `fixed_asset`.`modified_date` AS `modified_date`,
  `fixed_asset`.`total_cost` AS `total_cost`,
  `fixed_asset_increment`.`voucher_id` AS `voucher_id`,
  `fixed_asset_increment`.`voucher_code` AS `voucher_code`,
  IF((ROUND(((TO_DAYS(CURDATE()) - TO_DAYS(`fixed_asset`.`tracked_year`)) / 30), 0) > (`fixed_asset`.`life_time` * 12)), `fixed_asset`.`cost`, ROUND((ROUND(((TO_DAYS(CURDATE()) - TO_DAYS(`fixed_asset`.`tracked_year`)) / 30), 0) * (`fixed_asset`.`depreciation_value` / 12)), 0)) AS `impoverishment`
FROM ((`fixed_asset`
  LEFT JOIN `fixed_asset_increment_detail`
    ON ((`fixed_asset`.`fixed_asset_id` = `fixed_asset_increment_detail`.`fixed_asset_id`)))
  LEFT JOIN `fixed_asset_increment`
    ON ((`fixed_asset_increment_detail`.`voucher_id` = `fixed_asset_increment`.`voucher_id`)));

--
-- Create table `budget`
--
CREATE TABLE budget (
  budget_id CHAR(36) CHARACTER SET utf8mb4 COLLATE utf8mb4_general_ci NOT NULL DEFAULT '' COMMENT 'id nguồn chi phí',
  budget_code VARCHAR(100) CHARACTER SET utf8mb4 COLLATE utf8mb4_general_ci DEFAULT NULL COMMENT 'mã nguồn chi phí',
  budget_name VARCHAR(200) DEFAULT NULL COMMENT 'tên nguồn chi phí',
  mount DECIMAL(18, 4) DEFAULT NULL COMMENT 'Giá',
  PRIMARY KEY (budget_id)
)
ENGINE = INNODB,
AVG_ROW_LENGTH = 4096,
CHARACTER SET utf8mb3,
COLLATE utf8mb3_general_ci,
COMMENT = 'nguồn chi phí';

DELIMITER $$

--
-- Create procedure `Proc_fixed_asset_UpdateActive`
--
CREATE PROCEDURE Proc_fixed_asset_UpdateActive(IN v_listId VARCHAR(10000), IN v_active SMALLINT)
  SQL SECURITY INVOKER
BEGIN
 SET @query = CONCAT('UPDATE fixed_asset SET active = ' ,v_active, ' WHERE fixed_asset_id IN ', v_listId) ;
SET @CountQuery= CONCAT('SELECT COUNT(fixed_asset_id) AS TotalRecordDeleted FROM fixed_asset WHERE fixed_asset_id IN ',  v_listId);

 PREPARE CountQuery FROM @CountQuery;
  EXECUTE CountQuery;
  DEALLOCATE PREPARE CountQuery;

  PREPARE query FROM @query;
  EXECUTE query;


  
END
$$

--
-- Create procedure `Proc_fixed_asset_increment_GetPaging`
--
CREATE 
	DEFINER = 'root'@'localhost'
PROCEDURE Proc_fixed_asset_increment_GetPaging(IN v_Offset INT, IN v_Limit INT, IN v_Sort VARCHAR(100), IN v_Where VARCHAR(1000))
BEGIN
   -- =============================================
  -- Author:        htthoa
  -- Created date: 10/3/2023
  -- Description:   Lấy danh sách tài sản và tổng số tài sản có phân trang
  -- Modified by:   
  -- Code chạy thử: CALL `qlts`.Proc_fixedAsset_GetPaging(0, 1000, NULL, NULL);
  -- =============================================


  -- kiểm tra xem v_Where = "" thì gán v_Where ="1=1" còn ngược lại thì giữ nguyên giá trị
   IF v_Where = "" THEN
    SET v_Where = "1=1";
  END IF;

-- select v_Where;

   IF v_Sort = "" THEN
    SET v_Sort = "modified_date DESC";
  END IF;


  IF v_Limit = -1 THEN
    SET @filterQuery = CONCAT("SELECT * FROM fixed_asset_increment WHERE ", v_Where, ' ORDER BY ', v_Sort);
  ELSE
    SET @filterQuery = CONCAT("SELECT * FROM fixed_asset_increment WHERE ", v_Where, ' ORDER BY ' , v_Sort, ' LIMIT ', v_Offset, ',', v_Limit);
  END IF;


  PREPARE filterQuery FROM @filterQuery;
  EXECUTE filterQuery;
  DEALLOCATE PREPARE filterQuery;

 

  SET @filterQuery = CONCAT("SELECT count(voucher_id) AS TotalCount FROM fixed_asset_increment WHERE ", v_Where);


  PREPARE filterQuery FROM @filterQuery;
  EXECUTE filterQuery;
  DEALLOCATE PREPARE filterQuery;


 SET @filterQuery = CONCAT("SELECT sum(total_price) AS TotalCost FROM fixed_asset_increment WHERE ", v_Where);
  PREPARE filterQuery FROM @filterQuery;
  EXECUTE filterQuery;
  DEALLOCATE PREPARE filterQuery;

 

END
$$

--
-- Create procedure `Proc_fixed_asset_increment_detail_Insert`
--
CREATE PROCEDURE Proc_fixed_asset_increment_detail_Insert(IN v_data TEXT)
  SQL SECURITY INVOKER
BEGIN
 set @query= concat ('insert INTO fixed_asset_increment_detail(fixed_asset_id, voucher_id, modified_date) VALUES ', v_data);
  
  PREPARE Query FROM @query;
  EXECUTE Query;
  DEALLOCATE PREPARE Query;
END
$$

--
-- Create procedure `Proc_fixed_asset_increment_detail_DeleteMultiple`
--
CREATE PROCEDURE Proc_fixed_asset_increment_detail_DeleteMultiple(IN v_ListId TEXT)
  SQL SECURITY INVOKER
BEGIN

  SET @deleteQuery = CONCAT('DELETE FROM fixed_asset_increment_detail WHERE fixed_asset_id IN ', v_ListId);

  SET @CountQuery = CONCAT('SELECT COUNT(fixed_asset_id) AS TotalRecordDeleted FROM fixed_asset_increment_detail WHERE fixed_asset_id IN ', v_ListId);

  PREPARE CountQuery FROM @CountQuery;
  EXECUTE CountQuery;
  DEALLOCATE PREPARE CountQuery;

  PREPARE deleteQuery FROM @deleteQuery;
  EXECUTE deleteQuery;


END
$$

--
-- Create procedure `Proc_fixed_asset_increment_DeleteMultiple`
--
CREATE PROCEDURE Proc_fixed_asset_increment_DeleteMultiple(IN v_ListId TEXT)
  SQL SECURITY INVOKER
BEGIN

  SET @deleteQuery = CONCAT('DELETE FROM fixed_asset_increment WHERE voucher_id IN ', v_ListId);

  SET @CountQuery = CONCAT('SELECT COUNT(voucher_id) AS TotalRecordDeleted FROM fixed_asset_increment WHERE voucher_id IN ', v_ListId);

  PREPARE CountQuery FROM @CountQuery;
  EXECUTE CountQuery;
  DEALLOCATE PREPARE CountQuery;

  PREPARE deleteQuery FROM @deleteQuery;
  EXECUTE deleteQuery;


END
$$

--
-- Create procedure `Proc_fixed_asset_GetPagingExcel`
--
CREATE PROCEDURE Proc_fixed_asset_GetPagingExcel(IN v_Sort VARCHAR(100), IN v_Where VARCHAR(1000))
  SQL SECURITY INVOKER
BEGIN
   -- =============================================
  -- Author:        htthoa
  -- Created date: 10/3/2023
  -- Description:   Lấy danh sách tài sản và tổng số tài sản xuat excel
  -- Modified by:   
  -- Code chạy thử: CALL `qlts`.Proc_fixedAsset_GetPaging(0, 1000, NULL, NULL);
  -- =============================================


  -- kiểm tra xem v_Where = "" thì gán v_Where ="1=1" còn ngược lại thì giữ nguyên giá trị
   IF v_Where = "" THEN
    SET v_Where = "1=1";
  END IF;

-- select v_Where;

   IF v_Sort = "" THEN
    SET v_Sort = "modified_date DESC";
  END IF;



    SET @filterQuery = CONCAT("SELECT * FROM view_fixed_asset WHERE ", v_Where, ' ORDER BY ', v_Sort);
 


  PREPARE filterQuery FROM @filterQuery;
  EXECUTE filterQuery;
  DEALLOCATE PREPARE filterQuery;

 

  SET @filterQuery = CONCAT("SELECT count(fixed_asset_id) AS TotalCount FROM fixed_asset WHERE ", v_Where);


  PREPARE filterQuery FROM @filterQuery;
  EXECUTE filterQuery;
  DEALLOCATE PREPARE filterQuery;


 

 SET @filterQuery = CONCAT("SELECT sum(quantity) AS TotalQuantity FROM view_fixed_asset WHERE ", v_Where);
  PREPARE filterQuery FROM @filterQuery;
  EXECUTE filterQuery;
  DEALLOCATE PREPARE filterQuery;

  SET @filterQuery = CONCAT("SELECT sum(cost) AS TotalCost FROM view_fixed_asset WHERE ", v_Where);
  PREPARE filterQuery FROM @filterQuery;
  EXECUTE filterQuery;
  DEALLOCATE PREPARE filterQuery;

 SET @filterQuery = CONCAT("SELECT sum(impoverishment) AS TotalImprover FROM view_fixed_asset WHERE ", v_Where);
  PREPARE filterQuery FROM @filterQuery;
  EXECUTE filterQuery;
  DEALLOCATE PREPARE filterQuery;

 

END
$$

--
-- Create procedure `Proc_fixed_asset_GetPaging`
--
CREATE 
	DEFINER = 'root'@'localhost'
PROCEDURE Proc_fixed_asset_GetPaging(IN v_Offset INT, IN v_Limit INT, IN v_Sort VARCHAR(100), IN v_Where VARCHAR(1000))
BEGIN
   -- =============================================
  -- Author:        htthoa
  -- Created date: 10/3/2023
  -- Description:   Lấy danh sách tài sản và tổng số tài sản có phân trang
  -- Modified by:   
  -- Code chạy thử: CALL `qlts`.Proc_fixedAsset_GetPaging(0, 1000, NULL, NULL);
  -- =============================================


  -- kiểm tra xem v_Where = "" thì gán v_Where ="1=1" còn ngược lại thì giữ nguyên giá trị
   IF v_Where = "" THEN
    SET v_Where = "1=1";
  END IF;

-- select v_Where;

   IF v_Sort = "" THEN
    SET v_Sort = "modified_date DESC";
  END IF;


  IF v_Limit = -1 THEN
    SET @filterQuery = CONCAT("SELECT * FROM view_fixed_asset WHERE ", v_Where, ' ORDER BY ', v_Sort);
  ELSE
    SET @filterQuery = CONCAT("SELECT * FROM view_fixed_asset WHERE ", v_Where, ' ORDER BY ' , v_Sort, ' LIMIT ', v_Offset, ',', v_Limit);
  END IF;


  PREPARE filterQuery FROM @filterQuery;
  EXECUTE filterQuery;
  DEALLOCATE PREPARE filterQuery;

  SET @filterQuery = CONCAT("SELECT count(fixed_asset_id) AS TotalCount FROM view_fixed_asset WHERE ", v_Where);


  PREPARE filterQuery FROM @filterQuery;
  EXECUTE filterQuery;
  DEALLOCATE PREPARE filterQuery;


 

 SET @filterQuery = CONCAT("SELECT sum(quantity) AS TotalQuantity FROM view_fixed_asset WHERE ", v_Where);
  PREPARE filterQuery FROM @filterQuery;
  EXECUTE filterQuery;
  DEALLOCATE PREPARE filterQuery;

  SET @filterQuery = CONCAT("SELECT sum(cost) AS TotalCost FROM view_fixed_asset WHERE ", v_Where);
  PREPARE filterQuery FROM @filterQuery;
  EXECUTE filterQuery;
  DEALLOCATE PREPARE filterQuery;

 SET @filterQuery = CONCAT("SELECT sum(impoverishment) AS TotalImprover FROM view_fixed_asset WHERE ", v_Where);
  PREPARE filterQuery FROM @filterQuery;
  EXECUTE filterQuery;
  DEALLOCATE PREPARE filterQuery;

 

END
$$

--
-- Create procedure `Proc_fixed_asset_DeleteMultiple`
--
CREATE PROCEDURE Proc_fixed_asset_DeleteMultiple(IN v_ListIdToString VARCHAR(10000))
  SQL SECURITY INVOKER
BEGIN

  SET @deleteQuery = CONCAT('DELETE FROM fixed_asset WHERE fixed_asset_id IN ', v_ListIdToString);

  SET @CountQuery = CONCAT('SELECT COUNT(fixed_asset_id) AS TotalRecordDeleted FROM fixed_asset WHERE fixed_asset_id IN ', v_ListIdToString);

  PREPARE CountQuery FROM @CountQuery;
  EXECUTE CountQuery;
  DEALLOCATE PREPARE CountQuery;

  PREPARE deleteQuery FROM @deleteQuery;
  EXECUTE deleteQuery;


END
$$

--
-- Create procedure `Proc_fixed_asset_choose_GetPaging`
--
CREATE PROCEDURE Proc_fixed_asset_choose_GetPaging(IN v_Offset INT, IN v_Limit INT, IN v_Sort VARCHAR(100), IN v_Where VARCHAR(1000))
  SQL SECURITY INVOKER
BEGIN
   -- =============================================
  -- Author:        htthoa
  -- Created date: 10/3/2023
  -- Description:   Lấy danh sách tài sản và tổng số tài sản có phân trang
  -- Modified by:   
  -- Code chạy thử: CALL `qlts`.Proc_fixedAsset_GetPaging(0, 1000, NULL, NULL);
  -- =============================================


  -- kiểm tra xem v_Where = "" thì gán v_Where ="1=1" còn ngược lại thì giữ nguyên giá trị
   IF v_Where = "" THEN
    SET v_Where = "1=1";
  END IF;

-- select v_Where;

   IF v_Sort = "" THEN
    SET v_Sort = "modified_date DESC";
  END IF;


  IF v_Limit = -1 THEN
    SET @filterQuery = CONCAT("SELECT * FROM view_fixed_asset_choose WHERE ", v_Where, ' ORDER BY ', v_Sort);
  ELSE
    SET @filterQuery = CONCAT("SELECT * FROM view_fixed_asset_choose WHERE ", v_Where, ' ORDER BY ' , v_Sort, ' LIMIT ', v_Offset, ',', v_Limit);
  END IF;


  PREPARE filterQuery FROM @filterQuery;
  EXECUTE filterQuery;
  DEALLOCATE PREPARE filterQuery;

 

  SET @filterQuery = CONCAT("SELECT count(fixed_asset_id) AS TotalCount FROM view_fixed_asset_choose WHERE ", v_Where);


  PREPARE filterQuery FROM @filterQuery;
  EXECUTE filterQuery;
  DEALLOCATE PREPARE filterQuery;


 

 SET @filterQuery = CONCAT("SELECT sum(quantity) AS TotalQuantity FROM view_fixed_asset_choose WHERE ", v_Where);
  PREPARE filterQuery FROM @filterQuery;
  EXECUTE filterQuery;
  DEALLOCATE PREPARE filterQuery;

  SET @filterQuery = CONCAT("SELECT sum(cost) AS TotalCost FROM view_fixed_asset_choose WHERE ", v_Where);
  PREPARE filterQuery FROM @filterQuery;
  EXECUTE filterQuery;
  DEALLOCATE PREPARE filterQuery;

 SET @filterQuery = CONCAT("SELECT sum(impoverishment) AS TotalImprover FROM view_fixed_asset_choose WHERE ", v_Where);
  PREPARE filterQuery FROM @filterQuery;
  EXECUTE filterQuery;
  DEALLOCATE PREPARE filterQuery;

 

END
$$

--
-- Create procedure `Proc_fixed_asset_CheckAssetIncremented`
--
CREATE PROCEDURE Proc_fixed_asset_CheckAssetIncremented(IN v_ListIdToString TEXT)
  SQL SECURITY INVOKER
BEGIN
 SET @selectQuery = CONCAT('SELECT * FROM fixed_asset WHERE fixed_asset_id IN ', v_ListIdToString);
 PREPARE selectQuery FROM @selectQuery;
  EXECUTE selectQuery;
  DEALLOCATE PREPARE selectQuery;
END
$$

DELIMITER ;

-- 
-- Dumping data for table fixed_asset_category
--
INSERT INTO fixed_asset_category VALUES
('35e773ea-5d44-2dda-26a8-6d513e380bde', 'AFT001', 'Máy tính để bàn', NULL, 10, 10, NULL, 'Nguyễn Văn Giang', '2001-01-01 02:29:00', 'Nông Thái Hương', '2014-09-15 10:56:00'),
('3f8e6896-4c7d-15f5-a018-75d8bd200d7c', 'AFT003', 'Máy tính cá nhân', NULL, 10, 10, NULL, 'Nguyễn Mai Loan', '2001-01-01 02:13:00', 'Nguyễn Thị Trường', '2012-02-26 06:56:00'),
('45ac3d26-18f2-18a9-3031-644313fbb055', 'AFT006', 'Máy tính lượng tử\r\n', NULL, 10, 10, NULL, 'Nguyễn Việt Tuấn', '2001-01-01 15:11:00', 'Nguyễn Thị Trường', '2012-05-19 04:49:00'),
('647a538e-630d-39cd-0144-e5a214c15aa7', 'AFT002', 'Máy tính mini\r\n', NULL, 10, 10, NULL, 'Trân Thị Tuấn', '2001-01-01 22:40:00', 'Nông Tuấn Hoa', '2019-03-05 13:17:00'),
('75cce5a6-4f7f-3671-3cf3-eb0223d0a4f7', 'AFT005', 'Máy tính bảng', NULL, 10, 10, NULL, 'Nguyễn Thị Minh', '2001-01-01 13:33:00', 'Nguyễn Ngọc Thuận', '2001-01-01 00:09:00'),
('78aafe4a-67a7-2076-3bf3-eb0223d0a4f7', 'AFT007\r\n\r\n\r\n\r\n', 'Máy tính xách tay', NULL, 10, 10, NULL, 'Trịnh Văn Ngọc', '2001-01-01 23:25:00', 'Nguyễn Ngọc Mai', '2014-07-15 00:45:00'),
('7c4f14d8-66fb-14ae-198f-6354f958f4c0', 'AFT004', 'Máy tính tôpô lượng tử', NULL, 10, 10, NULL, 'Nông Thái Tuấn', '2001-01-01 16:05:00', 'Nguyễn Việt Hoa', '2003-06-18 23:00:00');

-- 
-- Dumping data for table department
--
INSERT INTO department VALUES
('11452b0c-768e-5ff7-0d63-eeb1d8ed8cef', 'D003', 'Phòng Hội trường lớn', NULL, NULL, NULL, NULL, 'Hoàng Ngọc Hân', '2002-01-28 11:18:47', 'Nông Ngọc Hân', '2010-08-19 15:07:52'),
('142cb08f-7c31-21fa-8e90-67245e8b283e', 'D009', 'Phòng Đào Tạo\r\n', NULL, NULL, NULL, NULL, 'Nguyễn Tuấn Mạnh', '2001-01-01 00:07:13', 'Nguyễn Tuấn Thành', '2001-01-01 00:00:04'),
('17120d02-6ab5-3e43-18cb-66948daf6128', 'D007', 'Phòng Nội trú\r\n', NULL, NULL, NULL, NULL, 'Võ Thị Bằng', '2016-08-27 01:17:24', 'Nguyễn Minh Giang', '2011-07-24 01:13:54'),
('4577565a-7e3e-493a-74dd-867949feb8b5', 'D001', 'Phòng Giám đốc', NULL, NULL, NULL, NULL, 'Bùi Thị Thái', '2016-04-29 20:30:08', 'Nguyễn Thị Hương', '2015-11-30 10:28:10'),
('469b3ece-744a-45d5-957d-e8c757976496', 'D008', 'Phòng Hành chính ', NULL, NULL, NULL, NULL, 'Nông Thị Mai', '2021-01-25 13:33:48', 'Võ Ngọc Thái', '2008-04-14 22:40:02'),
('4e272fc4-7875-78d6-7d32-6a1673ffca7c', 'D005', 'Phòng Công nghệ thông tin', NULL, NULL, NULL, NULL, 'Bùi Ngọc Thuận', '2009-09-17 18:41:44', 'Nguyễn Mai Hương', '2001-01-01 00:00:08'),
('768f8e64-7d10-20c9-967d-e8c757976496', 'D004', 'Phòng Kế toán- Văn thư', NULL, NULL, NULL, NULL, 'Mai Văn Linh', '2015-08-20 06:00:31', 'Mai Ngọc Anh', '2015-05-25 01:17:36');

-- 
-- Dumping data for table fixed_asset_increment
--
INSERT INTO fixed_asset_increment VALUES
('035bc644-303c-4d44-8401-ebc588b1bac3', 'GT00024', '2023-04-20 14:29:32', '2023-04-20 00:00:00', '2023-04-20 00:00:00', 7586702, '', 'htthoa', '2023-04-20 14:29:32', 'htthoa', '2023-04-26 11:29:59'),
('047ecca1-5443-43a4-b09a-82914cdb2b2f', 'GT00128', '2023-04-23 10:49:15', '2023-04-23 00:00:00', '2023-04-23 00:00:00', 96507252, '', 'htthoa', '2023-04-23 10:49:15', 'htthoa', '2023-04-26 11:29:41'),
('32a99c95-11b5-4e89-86b0-d4227b5e73c3', 'GT00127', '2023-04-22 22:44:36', '2023-04-22 00:00:00', '2023-04-22 00:00:00', 93000000, '', 'htthoa', '2023-04-22 22:44:36', 'htthoa', '2023-05-04 17:03:14'),
('38034565-47da-4dac-903f-bab2ed3a6ab7', 'GT00017', '2023-04-20 08:30:34', '2023-04-20 00:00:00', '2023-04-20 00:00:00', 7586702, '', 'htthoa', '2023-04-20 08:30:34', 'htthoa', '2023-04-26 11:30:46'),
('3b5d1dd2-a028-4f76-910d-8f780feea330', 'GT00132', '2023-05-05 10:35:00', '2023-05-05 00:00:00', '2023-05-05 00:00:00', 100100000, '', 'htthoa', '2023-05-05 10:35:00', 'htthoa', '2023-05-12 09:55:11'),
('4070526f-f54b-4b07-b727-6a05ffd7e314', 'GT00022', '2023-04-20 14:22:30', '2023-04-20 00:00:00', '2023-04-20 00:00:00', 448127988, '', 'htthoa', '2023-04-20 14:22:30', 'htthoa', '2023-05-04 17:14:32'),
('47196aa6-929d-44f0-ad01-81575f16ccd1', 'GT00134', '2023-05-06 20:35:44', '2023-05-06 00:00:00', '2023-05-06 00:00:00', 273000000, '', 'htthoa', '2023-05-06 20:35:44', 'htthoa', '2023-05-06 21:22:41'),
('47ee12e5-0867-442c-b0ad-e19081380454', 'GT00029', '2023-04-20 14:35:50', '2023-04-20 00:00:00', '2023-04-20 00:00:00', 1565430, '', 'htthoa', '2023-04-20 14:35:50', 'htthoa', '2023-04-26 11:29:55'),
('4adf5c99-a4ca-47c5-a869-c529a08d9546', 'AA00137', '2023-05-12 09:26:21', '2023-05-12 00:00:00', '2023-05-12 00:00:00', 19000000, '', 'htthoa', '2023-05-12 09:26:21', 'htthoa', '2023-05-12 09:54:52'),
('4c354527-2d4f-496e-bfff-dcd37ae3c3de', 'GT00023', '2023-04-20 14:23:37', '2023-04-20 00:00:00', '2023-04-20 00:00:00', 28000000, '', 'htthoa', '2023-04-20 14:23:37', 'htthoa', '2023-05-04 17:11:06'),
('5b2399a3-8ecc-4e09-ad47-a35d764f569d', 'GT00021', '2023-04-20 13:46:37', '2023-04-20 00:00:00', '2023-04-20 00:00:00', 66274555, '', 'htthoa', '2023-04-20 13:46:37', 'htthoa', '2023-04-26 11:30:31'),
('68d3dd45-9a92-4874-b3dc-a7641709b496', 'GT00018', '2023-04-20 09:10:20', '2023-04-20 00:00:00', '2023-04-20 00:00:00', 59950767, '', 'htthoa', '2023-04-20 09:10:20', 'htthoa', '2023-04-26 11:30:41'),
('76b24879-b38e-4376-9051-5bac8a032ad4', 'GT00010', '2023-04-19 10:10:18', '2023-04-19 03:10:00', '2023-04-19 03:10:00', 94950767, 'hong co gi', 'htthoa', '2023-04-19 10:10:18', 'htthoa', '2023-05-04 17:03:39'),
('7f2b48b2-8e86-40aa-87cf-3e9e7d4da22e', 'ABC01234', '2023-05-13 10:21:05', '2023-04-20 00:00:00', '2023-04-20 00:00:00', 7586702, '', 'htthoa', '2023-05-13 10:21:05', 'htthoa', '2023-05-13 10:21:05'),
('82fb4c7e-91b5-485a-877f-b8d1021da022', 'AB00135', '2023-05-12 09:49:37', '2023-05-12 00:00:00', '2023-05-11 00:00:00', 65000000, '', 'htthoa', '2023-05-12 09:49:37', 'htthoa', '2023-05-13 10:26:12'),
('84ea77d4-4d8a-4afa-81d9-8b582612c5c1', 'GT001379', '2023-05-13 10:25:56', '2023-05-13 00:00:00', '2023-05-13 00:00:00', 19390202, '', 'htthoa', '2023-05-13 10:25:56', 'htthoa', '2023-05-13 10:25:56'),
('8b110b93-16be-4fab-8fbc-317dda3a1666', 'GT00136', '2023-05-10 11:47:01', '2023-05-10 00:00:00', '2023-05-10 00:00:00', 27000000, '', 'htthoa', '2023-05-10 11:47:01', 'htthoa', '2023-05-13 10:26:34'),
('8c997121-6417-4904-b6a5-1ab0e0bb81e0', 'GT00016', '2023-04-20 08:27:46', '2023-04-20 00:00:00', '2023-04-20 00:00:00', 89570299, '', 'htthoa', '2023-04-20 08:27:46', 'htthoa', '2023-05-03 11:29:07'),
('9580f18d-77a4-45c3-bc12-735c848346c1', 'GT00028', '2023-04-20 14:35:20', '2023-04-20 00:00:00', '2023-04-20 00:00:00', 100000000, '', 'htthoa', '2023-04-20 14:35:20', 'htthoa', '2023-05-04 17:07:48'),
('a31b88c9-f313-47f7-8c54-daf7235b4538', 'GT00130', '2023-04-27 08:22:58', '2023-04-27 00:00:00', '2023-04-27 00:00:00', 118507252, '', 'htthoa', '2023-04-27 08:22:58', 'htthoa', '2023-05-04 17:08:53'),
('b2ae8944-ab6c-4d43-ab21-d63fca27e944', 'GT001377', '2023-05-12 10:14:37', '2023-05-12 00:00:00', '2023-05-12 00:00:00', 50000000, '', 'htthoa', '2023-05-12 10:14:37', 'htthoa', '2023-05-12 10:14:37'),
('ba0e4f77-0d9a-4992-bee4-b2221e6240ab', 'GT00135', '2023-05-09 16:22:50', '2023-05-09 00:00:00', '2023-05-09 00:00:00', 50000000, '', 'htthoa', '2023-05-09 16:22:50', 'htthoa', '2023-05-11 23:42:00'),
('c1fa0d81-b48f-40f8-acee-fbd9c9b57d1f', 'GT001378', '2023-05-12 15:13:29', '2023-05-12 00:00:00', '2023-05-12 00:00:00', 9700001, '', 'htthoa', '2023-05-12 15:13:29', 'htthoa', '2023-05-12 15:13:29'),
('e1c47d74-ced1-4fb8-a4e4-c1bb827186cd', 'GT00133', '2023-05-06 20:26:32', '2023-05-06 00:00:00', '2023-05-06 00:00:00', 32000000, '', 'htthoa', '2023-05-06 20:26:32', 'htthoa', '2023-05-06 21:22:07'),
('e3ebe1e1-1f1f-42b1-87b5-3f6ff547a29d', 'GT00026', '2023-04-20 14:33:34', '2023-04-20 00:00:00', '2023-04-20 00:00:00', 78507252, '', 'htthoa', '2023-04-20 14:33:34', 'htthoa', '2023-04-26 11:30:08'),
('ebe77fc9-0994-4899-9b29-0abc06d0affc', 'GT00124', '2023-04-21 11:26:33', '2023-04-21 00:00:00', '2023-04-21 00:00:00', 36309420, '', 'htthoa', '2023-04-21 11:26:33', 'htthoa', '2023-04-26 11:29:46'),
('f57ee8da-d884-4e23-9d4e-6a83744d0e92', 'GT00019', '2023-04-20 09:11:40', '2023-04-20 00:00:00', '2023-04-20 00:00:00', 7586702, '', 'htthoa', '2023-04-20 09:11:40', 'htthoa', '2023-04-26 11:30:37'),
('f6074325-ff9c-450b-8347-26950a21f524', 'GT00129', '2023-04-24 22:00:23', '2023-04-24 00:00:00', '2023-04-24 00:00:00', 836468190, '', 'htthoa', '2023-04-24 22:00:23', 'htthoa', '2023-05-03 11:29:35'),
('fc12ad9d-a211-45e9-8f19-fcd0d45d2b21', 'GT00012', '2023-04-19 10:19:42', '2023-04-13 00:00:00', '2023-04-19 00:00:00', 75974556, '', 'htthoa', '2023-04-19 10:19:42', 'htthoa', '2023-05-04 17:01:15'),
('fd7e10ea-2853-4d9f-9ddb-795e462f2a14', 'GT00020', '2023-04-20 09:50:11', '2023-04-20 00:00:00', '2023-04-20 00:00:00', 20000000, '', 'htthoa', '2023-04-20 09:50:11', 'htthoa', '2023-04-26 11:30:34');

-- 
-- Dumping data for table fixed_asset
--
INSERT INTO fixed_asset VALUES
('003bbfd3-3df5-496c-88f8-4a990a46819c', 'TS98479', 'Dell Vostro', NULL, NULL, NULL, '4e272fc4-7875-78d6-7d32-6a1673ffca7c', 'D005', 'Phòng Công nghệ thông tin', '75cce5a6-4f7f-3671-3cf3-eb0223d0a4f7', 'FAT005', 'Máy tính bảng', '2004-09-10 00:00:00', 59950767, 12, 5.26, 2997538, '2018-02-28 00:00:00', 19, 2023, 1, 'Nguyễn Thị Lệ', '2023-04-11 20:42:30', 'Lê Diễm Tuấn', '2022-04-11 20:42:30', '[{"budget_name":"Ngân sách tỉnh","mount":41965536.9000, "errorMsg": "", "errorMount": ""},{"budget_name":"Ngân sách huyện","mount":17985230.1000, "errorMsg": "", "errorMount": ""}]'),
('03469ef0-c911-438f-b055-88f3ab5c6609', 'TS98324', 'Acer', NULL, NULL, NULL, '142cb08f-7c31-21fa-8e90-67245e8b283e', 'D009', 'Phòng Đào Tạo\r\n', '35e773ea-5d44-2dda-26a8-6d513e380bde', 'AFT001', 'Máy tính để bàn', '2023-03-24 00:00:00', 30000000, 3, 10, 3000000, '2023-03-24 00:00:00', 10, 2023, 0, NULL, '2023-03-24 10:26:44', NULL, '2023-03-24 10:26:44', '[{"budget_name":"Ngân sách tỉnh","mount":21000000.0000, "errorMsg": "", "errorMount": ""},{"budget_name":"Ngân sách huyện","mount":9000000.0000, "errorMsg": "", "errorMount": ""}]'),
('040c440e-45bb-4e9a-9319-c852c585e7a6', 'TS98329', 'Dell Inspiron 3580', NULL, NULL, NULL, '4577565a-7e3e-493a-74dd-867949feb8b5', 'D001', 'Phòng Giám đốc', '45ac3d26-18f2-18a9-3031-644313fbb055', 'FAT006', 'Máy tính lượng tử', '2020-03-24 00:00:00', 444844536, 587, 6.67, 26690672, '2020-03-24 00:00:00', 15, 2023, 1, 'Trịnh Mai Lệ', '2023-03-24 10:28:27', 'Nguyễn Thị Anh', '2023-03-26 12:55:51', '[{"budget_name":"Ngân sách tỉnh","mount":311391175.2000, "errorMsg": "", "errorMount": ""},{"budget_name":"Ngân sách huyện","mount":133453360.8000, "errorMsg": "", "errorMount": ""}]'),
('089b5227-466c-4d47-817c-4bfffd25da60', 'TS98417', 'Dell XPS\r\n', NULL, NULL, NULL, '4577565a-7e3e-493a-74dd-867949feb8b5', 'D001', 'Phòng Giám đốc', '647a538e-630d-39cd-0144-e5a214c15aa7', 'FAT002', 'Máy tính mini', '2008-07-22 10:44:45', 55727971, 146, 6.25, 3343678, '2016-06-10 00:00:00', 16, 2023, 0, 'Võ Việt Hoa', '2023-04-04 08:43:30', 'Nguyễn Thái Loan', '2023-04-04 08:43:30', '[{"budget_name":"Ngân sách tỉnh","mount":39009579.7000, "errorMsg": "", "errorMount": ""},{"budget_name":"Ngân sách huyện","mount":16718391.3000, "errorMsg": "", "errorMount": ""}]'),
('0ede5f31-58b9-4372-bf39-163c5f1b4f2f', 'TS98356', 'Dell Vostro', NULL, NULL, NULL, '4e272fc4-7875-78d6-7d32-6a1673ffca7c', 'D005', 'Phòng Công nghệ thông tin', '75cce5a6-4f7f-3671-3cf3-eb0223d0a4f7', 'FAT005', 'Máy tính bảng', '2021-03-28 00:00:00', 59950767, 12, 5.26, 2997538, '2021-03-28 00:00:00', 19, 2023, 0, 'Nguyễn Thị Lệ', '2023-03-28 09:13:44', 'Lê Diễm Tuấn', '2023-03-28 09:13:44', '[{"budget_name":"Ngân sách tỉnh","mount":41965536.9000, "errorMsg": "", "errorMount": ""},{"budget_name":"Ngân sách huyện","mount":17985230.1000, "errorMsg": "", "errorMount": ""}]'),
('0fc16ee1-f585-4b4e-8710-78490ec1e5e2', 'TS98358', 'Acer', NULL, NULL, NULL, '142cb08f-7c31-21fa-8e90-67245e8b283e', 'D009', 'Phòng Đào Tạo\r\n', '35e773ea-5d44-2dda-26a8-6d513e380bde', 'AFT001', 'Máy tính để bàn', '2021-03-28 00:00:00', 2000000, 3, 12.5, 240000, '2021-03-28 00:00:00', 8, 2023, 0, NULL, '2023-03-28 09:14:07', NULL, '2023-03-28 09:14:07', '[{"budget_name":"Ngân sách tỉnh","mount":1400000.0000, "errorMsg": "", "errorMount": ""},{"budget_name":"Ngân sách huyện","mount":600000.0000, "errorMsg": "", "errorMount": ""}]'),
('0fd0e7da-8bf0-4fd1-a7a8-81fd51d236c4', 'TS-98381', 'Dell Vostro', NULL, NULL, NULL, '142cb08f-7c31-21fa-8e90-67245e8b283e', 'D009', 'Phòng Đào Tạo', '78aafe4a-67a7-2076-3bf3-eb0223d0a4f7', 'FAT007', 'Máy tính xách tay', '2013-04-16 03:00:36', 160300000, 5, 4, 6412000, '2018-07-15 00:00:00', 25, 2023, 0, 'Mai Minh Giang', '2023-05-13 10:24:45', 'Bùi Ngọc Thái', '2023-05-13 10:24:45', NULL),
('12693b29-274c-35ce-d11d-086412a8ea97', 'TS26010', 'Dell Inspiron 3580', NULL, NULL, NULL, '142cb08f-7c31-21fa-8e90-67245e8b283e', 'D009', 'Phòng Đào Tạo', '75cce5a6-4f7f-3671-3cf3-eb0223d0a4f7', 'FAT005', 'Máy tính bảng', '2018-08-14 18:35:34', 94223918, 273, 10, 9422391, '2016-03-18 00:00:00', 10, 2023, 0, 'Nguyễn Việt Trường', '2013-10-11 04:19:16', 'Hoàng Thị Cường', '2023-03-26 15:52:08', '[{"budget_name":"Ngân sách tỉnh","mount":65956742.6000, "errorMsg": "", "errorMount": ""},{"budget_name":"Ngân sách huyện","mount":28267175.4000, "errorMsg": "", "errorMount": ""}]'),
('12b385b5-c597-4a34-9868-0e4f7b2aa1e8', 'TS98470', 'Dell Vostro 358', NULL, NULL, NULL, '142cb08f-7c31-21fa-8e90-67245e8b283e', 'D009', 'Phòng Đào Tạo', '78aafe4a-67a7-2076-3bf3-eb0223d0a4f7', 'FAT007', 'Máy tính xách tay', '2002-03-05 10:02:51', 78507252, 44, 11.11, 8635797, '2018-12-03 00:00:00', 9, 2023, 0, 'Nguyễn Văn Ly', '2023-04-10 14:13:07', 'Nguyễn Minh Hương', '2023-04-10 14:13:07', '[{"budget_name":"Ngân sách tỉnh","mount":54955076.4000, "errorMsg": "", "errorMount": ""},{"budget_name":"Ngân sách huyện","mount":23552175.6000, "errorMsg": "", "errorMount": ""}]'),
('12ceb7b4-6ce5-4df5-b2de-b15c428e0f2a', 'TS98491', 'Iphone  13', NULL, NULL, NULL, '142cb08f-7c31-21fa-8e90-67245e8b283e', 'D009', 'Phòng Đào Tạo\r\n', '3f8e6896-4c7d-15f5-a018-75d8bd200d7c', 'AFT003', 'Máy tính cá nhân', '2023-03-24 00:00:00', 20000000, 2, 10, 2000000, '2023-03-24 00:00:00', 10, 2023, 1, NULL, '2023-04-11 20:56:35', NULL, '2023-04-11 20:56:35', '[{"budget_name":"Ngân sách tỉnh","mount":14000000.0000, "errorMsg": "", "errorMount": ""},{"budget_name":"Ngân sách huyện","mount":6000000.0000, "errorMsg": "", "errorMount": ""}]'),
('14af05fd-8fb9-490d-9e92-c8e985bed40c', 'TS98423', 'Dell Vostro', NULL, NULL, NULL, '4577565a-7e3e-493a-74dd-867949feb8b5', 'D001', 'Phòng Giám đốc', '78aafe4a-67a7-2076-3bf3-eb0223d0a4f7', 'FAT007', 'Máy tính xách tay', '2012-09-11 06:47:17', 422110288, 2, 3.57, 12663308, '2018-06-15 00:00:00', 28, 2023, 1, 'Nguyễn Mai Lệ', '2023-04-04 08:46:29', 'Nguyễn Tuấn Lệ', '2023-04-04 08:46:29', '[{"budget_name":"Ngân sách tỉnh","mount":295477201.6000, "errorMsg": "", "errorMount": ""},{"budget_name":"Ngân sách huyện","mount":126633086.4000, "errorMsg": "", "errorMount": ""}]'),
('1608571b-056e-438e-b31b-9cb4024b40c6', 'TS98295', 'Asus', NULL, NULL, NULL, '11452b0c-768e-5ff7-0d63-eeb1d8ed8cef', 'D003', 'Phòng Hội trường lớn', '3f8e6896-4c7d-15f5-a018-75d8bd200d7c', 'AFT003', 'Máy tính cá nhân', '2020-02-28 00:00:00', 20000000, 2, 10, 2000000, '2020-03-07 00:00:00', 10, 2023, 0, NULL, '2023-03-12 18:25:31', NULL, '2023-03-26 15:53:50', '[{"budget_name":"Ngân sách tỉnh","mount":14000000.0000, "errorMsg": "", "errorMount": ""},{"budget_name":"Ngân sách huyện","mount":6000000.0000, "errorMsg": "", "errorMount": ""}]'),
('16dafd90-2608-4569-aa04-6c9f96eb69f3', 'TS98292', 'dell latitude 5440', NULL, NULL, NULL, '17120d02-6ab5-3e43-18cb-66948daf6128', 'D007', 'Phòng Nội trú\r\n', '3f8e6896-4c7d-15f5-a018-75d8bd200d7c', 'AFT003', 'Máy tính cá nhân', '2021-03-06 00:00:00', 13000000, 4, 10, 1300000, '2021-03-08 00:00:00', 10, 2023, 0, NULL, '2023-03-12 10:03:49', NULL, '2023-03-26 15:53:40', '[{"budget_name":"Ngân sách tỉnh","mount":9100000.0000, "errorMsg": "", "errorMount": ""},{"budget_name":"Ngân sách huyện","mount":3900000.0000, "errorMsg": "", "errorMount": ""}]'),
('181c96d0-385a-4c8d-83c6-474213aa6560', 'TS98333', 'Dell XPS\r\n', NULL, NULL, NULL, '11452b0c-768e-5ff7-0d63-eeb1d8ed8cef', 'D003', 'Phòng Hội trường lớn', '78aafe4a-67a7-2076-3bf3-eb0223d0a4f7', 'FAT007', 'Máy tính xách tay', '2023-03-26 00:00:00', 3260884, 677, 5, 163044, '2023-03-26 00:00:00', 20, 2023, 0, 'Nông Thị Tuấn', '2023-03-26 15:54:56', 'Nguyễn Minh Mạnh', '2023-03-26 15:54:56', '[{"budget_name":"Ngân sách tỉnh","mount":2282618.8000, "errorMsg": "", "errorMount": ""},{"budget_name":"Ngân sách huyện","mount":978265.2000, "errorMsg": "", "errorMount": ""}]'),
('185baaa0-2285-40ba-810d-8d08257bec6a', 'TS98514', 'technosoft building', NULL, NULL, NULL, '142cb08f-7c31-21fa-8e90-67245e8b283e', 'D009', 'Phòng Đào Tạo', '45ac3d26-18f2-18a9-3031-644313fbb055', 'FAT006', 'Máy tính lượng tử', '2022-03-26 00:00:00', 9700001, 99, 1.25, 97000, '2022-03-26 00:00:00', 80, 2023, 1, 'Nguyễn Thị Hân', '2023-04-12 17:23:23', 'Nguyễn Minh Cường', '2023-04-12 17:23:23', '[{"budget_name":"Ngân sách tỉnh","mount":6790000.7000, "errorMsg": "", "errorMount": ""},{"budget_name":"Ngân sách huyện","mount":2910000.3000, "errorMsg": "", "errorMount": ""}]'),
('18baaac1-2b18-2317-b9d2-89b22d10517e', 'TS04756', 'Ipad Gen9', NULL, NULL, NULL, '768f8e64-7d10-20c9-967d-e8c757976496', 'D004', 'Phòng Kế toán- Văn thư', '3f8e6896-4c7d-15f5-a018-75d8bd200d7c', 'FAT003', 'Máy tính cá nhân', '2016-12-27 15:43:28', 66274555, 448, 4.5, 3012480, '2003-04-04 00:00:00', 22, 2023, 0, 'Nguyễn Diễm Hân', '2012-06-05 00:10:04', 'Trân Minh Loan', '2014-12-15 11:27:26', '[{"budget_name":"Ngân sách tỉnh","mount":46392188.5000, "errorMsg": "", "errorMount": ""},{"budget_name":"Ngân sách huyện","mount":19882366.5000, "errorMsg": "", "errorMount": ""}]'),
('190d9b10-068f-40b8-845d-92dcfc5ea1b1', 'TS98422', 'Dell XPS 13', NULL, NULL, NULL, '4e272fc4-7875-78d6-7d32-6a1673ffca7c', 'D005', 'Phòng Công nghệ thông tin', '35e773ea-5d44-2dda-26a8-6d513e380bde', 'FAT001', 'Máy tính để bàn', '2001-08-29 08:29:08', 89570299, 8, 3.57, 2687108, '2016-02-20 00:00:00', 28, 2023, 1, 'Nguyễn Mai Lệ', '2023-04-04 08:45:53', 'Nông Thị Minh', '2023-04-04 08:45:53', '[{"budget_name":"Ngân sách tỉnh","mount":62699209.3000, "errorMsg": "", "errorMount": ""},{"budget_name":"Ngân sách huyện","mount":26871089.7000, "errorMsg": "", "errorMount": ""}]'),
('197fda97-5a35-781d-0e77-d9ebc53aac3d', 'TS82080', 'Dell XPS 15', NULL, NULL, NULL, '469b3ece-744a-45d5-957d-e8c757976496', 'D008', 'Phòng Hành chính ', '45ac3d26-18f2-18a9-3031-644313fbb055', 'FAT006', 'Máy tính lượng tử', '2009-05-29 14:09:42', 144619791, 835, 10, 14461979, '2014-09-29 00:00:00', 10, 2023, 0, 'Nguyễn Việt Thuận', '2004-06-23 08:28:55', 'Nông Ngọc Hân', '2023-03-26 15:49:53', '[{"budget_name":"Ngân sách tỉnh","mount":101233853.7000, "errorMsg": "", "errorMount": ""},{"budget_name":"Ngân sách huyện","mount":43385937.3000, "errorMsg": "", "errorMount": ""}]'),
('1d3803fc-3182-4b8e-a59a-e0d4e67bd8f4', 'TS98372', 'Acer', NULL, NULL, NULL, '142cb08f-7c31-21fa-8e90-67245e8b283e', 'D009', 'Phòng Đào Tạo\r\n', '35e773ea-5d44-2dda-26a8-6d513e380bde', 'AFT001', 'Máy tính để bàn', '2023-03-28 00:00:00', 30000000, 3, 12.5, 3600000, '2023-03-28 00:00:00', 8, 2023, 0, NULL, '2023-03-28 10:43:35', NULL, '2023-03-28 10:43:35', '[{"budget_name":"Ngân sách tỉnh","mount":21000000.0000, "errorMsg": "", "errorMount": ""},{"budget_name":"Ngân sách huyện","mount":9000000.0000, "errorMsg": "", "errorMount": ""}]'),
('1d5e8230-d63e-4bd1-93c3-ca9a26bd6468', 'TS98340', 'Dell Vostro', NULL, NULL, NULL, '17120d02-6ab5-3e43-18cb-66948daf6128', 'D007', 'Phòng Nội trú', '3f8e6896-4c7d-15f5-a018-75d8bd200d7c', 'AFT003', 'Máy tính cá nhân', '2023-03-28 00:00:00', 16017700, 3, 10, 1601770, '2023-03-28 00:00:00', 10, 2023, 0, 'Trịnh Tuấn Minh', '2023-03-28 09:11:01', 'Nguyễn Thị Mai', '2023-03-28 09:11:01', '[{"budget_name":"Ngân sách tỉnh","mount":11212390.0000, "errorMsg": "", "errorMount": ""},{"budget_name":"Ngân sách huyện","mount":4805310.0000, "errorMsg": "", "errorMount": ""}]'),
('1e5e96fa-5d7a-599d-27c2-579daad24557', 'TS83395', 'Macbook M1\r\n', NULL, NULL, NULL, '768f8e64-7d10-20c9-967d-e8c757976496', 'D004', 'Phòng Kế toán- Văn thư', '7c4f14d8-66fb-14ae-198f-6354f958f4c0', 'FAT004', 'Máy tính tôpô lượng tử', '2016-02-16 09:18:38', 94000000, 662, 10, 9400000, '2018-10-23 00:00:00', 10, 2023, 0, 'Nguyễn Thị Hương', '2001-01-01 00:08:53', 'Hoàng Ngọc Giang', '2023-03-26 15:50:21', '[{"budget_name":"Ngân sách tỉnh","mount":65800000.0000, "errorMsg": "", "errorMount": ""},{"budget_name":"Ngân sách huyện","mount":28200000.0000, "errorMsg": "", "errorMount": ""}]'),
('1f03ff40-2758-4b16-99cf-0c28b6978f83', 'TS98419', 'Dell Inspiron 5593', NULL, NULL, NULL, '469b3ece-744a-45d5-957d-e8c757976496', 'D008', 'Phòng Hành chính ', '75cce5a6-4f7f-3671-3cf3-eb0223d0a4f7', 'FAT005', 'Máy tính bảng', '2018-01-06 00:00:00', 860216451, 16, 3.7, 25806493, '2018-01-11 00:00:00', 27, 2023, 0, 'Nguyễn Thái Lệ', '2023-04-04 08:44:46', 'Nguyễn Tuấn Giang', '2023-04-04 08:44:46', '[{"budget_name":"Ngân sách tỉnh","mount":602151515.7000, "errorMsg": "", "errorMount": ""},{"budget_name":"Ngân sách huyện","mount":258064935.3000, "errorMsg": "", "errorMount": ""}]'),
('1f85f165-3ed3-370a-b7d2-89b22d10517e', 'TS09669', 'Dell Vostro', NULL, NULL, NULL, '4e272fc4-7875-78d6-7d32-6a1673ffca7c', 'D005', 'Phòng Công nghệ thông tin', '75cce5a6-4f7f-3671-3cf3-eb0223d0a4f7', 'FAT005', 'Máy tính bảng', '2013-11-22 15:59:16', 178457379, 643, 10, 17845737, '2018-02-25 00:00:00', 10, 2023, 0, 'Nguyễn Việt Mạnh', '2001-01-01 00:00:04', 'Trân Thị Mai', '2023-03-26 15:51:10', '[{"budget_name":"Ngân sách tỉnh","mount":124920165.3000, "errorMsg": "", "errorMount": ""},{"budget_name":"Ngân sách huyện","mount":53537213.7000, "errorMsg": "", "errorMount": ""}]'),
('20b9d785-b210-4c4e-a843-2172041cfef8', 'TS98386', 'Asus', NULL, NULL, NULL, '11452b0c-768e-5ff7-0d63-eeb1d8ed8cef', 'D003', 'Phòng Hội trường lớn', '3f8e6896-4c7d-15f5-a018-75d8bd200d7c', 'AFT003', 'Máy tính cá nhân', '2020-04-01 00:00:00', 20000000, 2, 10, 2000000, '2020-04-01 00:00:00', 10, 2023, 0, NULL, '2023-04-01 09:44:18', NULL, '2023-04-01 09:44:18', '[{"budget_name":"Ngân sách tỉnh","mount":14000000.0000, "errorMsg": "", "errorMount": ""},{"budget_name":"Ngân sách huyện","mount":6000000.0000, "errorMsg": "", "errorMount": ""}]'),
('2356a2d8-7751-6f97-66f6-423b4e874d0f', 'TS04584', 'Dell Vostro', NULL, NULL, NULL, '4577565a-7e3e-493a-74dd-867949feb8b5', 'D001', 'Phòng Giám đốc', '78aafe4a-67a7-2076-3bf3-eb0223d0a4f7', 'FAT007', 'Máy tính xách tay', '2012-09-11 06:47:17', 422110288, 289, 3.6, 15075367, '2018-06-15 00:00:00', 28, 2023, 0, 'Nguyễn Mai Lệ', '2011-10-25 04:47:38', 'Nguyễn Tuấn Lệ', '2001-01-01 00:14:48', '[{"budget_name":"Ngân sách tỉnh","mount":295477201.6000, "errorMsg": "", "errorMount": ""},{"budget_name":"Ngân sách huyện","mount":126633086.4000, "errorMsg": "", "errorMount": ""}]'),
('23fcbbb6-4287-47c1-b0ef-14c3c6a492d9', 'TS98409', 'Ipad Gen9', NULL, NULL, NULL, '768f8e64-7d10-20c9-967d-e8c757976496', 'D004', 'Phòng Kế toán- Văn thư', '3f8e6896-4c7d-15f5-a018-75d8bd200d7c', 'FAT003', 'Máy tính cá nhân', '2020-04-01 00:00:00', 66274555, 4, 4.55, 2650982, '2020-04-01 00:00:00', 22, 2023, 0, 'Nguyễn Diễm Hân', '2023-04-04 08:42:10', 'Trân Minh Loan', '2023-04-04 08:42:10', '[{"budget_name":"Ngân sách tỉnh","mount":46392188.5000, "errorMsg": "", "errorMount": ""},{"budget_name":"Ngân sách huyện","mount":19882366.5000, "errorMsg": "", "errorMount": ""}]'),
('24838614-7b22-47f3-bb2e-21eee5527005', 'TS98326', 'Acer', NULL, NULL, NULL, '142cb08f-7c31-21fa-8e90-67245e8b283e', 'D009', 'Phòng Đào Tạo\r\n', '35e773ea-5d44-2dda-26a8-6d513e380bde', 'AFT001', 'Máy tính để bàn', '2023-01-24 00:00:00', 2000000, 3, 12.5, 240000, '2023-01-24 00:00:00', 8, 2023, 0, NULL, '2023-03-24 10:27:07', NULL, '2023-03-26 15:47:51', '[{"budget_name":"Ngân sách tỉnh","mount":1400000.0000, "errorMsg": "", "errorMount": ""},{"budget_name":"Ngân sách huyện","mount":600000.0000, "errorMsg": "", "errorMount": ""}]'),
('28cd1599-63bf-785f-4f80-7ed9d1ea06ea', 'TS38549', 'Dell XPS 13', NULL, NULL, NULL, '768f8e64-7d10-20c9-967d-e8c757976496', 'D004', 'Phòng Kế toán- Văn thư', '3f8e6896-4c7d-15f5-a018-75d8bd200d7c', 'FAT003', 'Máy tính cá nhân', '2019-05-17 08:42:20', 714321543, 5, 4, 28572862, '2018-04-15 00:00:00', 25, 2023, 0, 'Nguyễn Ngọc Ly', '2020-07-09 05:48:43', 'Hoàng Việt Mai', '2016-12-20 07:23:24', '[{"budget_name":"Ngân sách tỉnh","mount":500025080.1000, "errorMsg": "", "errorMount": ""},{"budget_name":"Ngân sách huyện","mount":214296462.9000, "errorMsg": "", "errorMount": ""}]'),
('2a8ea9d1-80ef-4aad-834b-f650199ccdeb', 'TS98460', 'Dell Vostro 358', NULL, NULL, NULL, '142cb08f-7c31-21fa-8e90-67245e8b283e', 'D009', 'Phòng Đào Tạo', '78aafe4a-67a7-2076-3bf3-eb0223d0a4f7', 'FAT007', 'Máy tính xách tay', '2002-03-05 10:02:51', 78507252, 44, 11.11, 8635797, '2018-12-03 00:00:00', 9, 2023, 0, 'Nguyễn Văn Ly', '2023-04-09 13:51:00', 'Nguyễn Minh Hương', '2023-04-09 13:51:00', '[{"budget_name":"Ngân sách tỉnh","mount":54955076.4000, "errorMsg": "", "errorMount": ""},{"budget_name":"Ngân sách huyện","mount":23552175.6000, "errorMsg": "", "errorMount": ""}]'),
('2afb2146-430d-394b-3d35-0028ed526dd0', 'TS08155', 'Dell Inspiron 55935', NULL, NULL, NULL, '17120d02-6ab5-3e43-18cb-66948daf6128', 'D007', 'Phòng Nội trú', '3f8e6896-4c7d-15f5-a018-75d8bd200d7c', 'AFT003', 'Máy tính cá nhân', '2011-07-08 00:00:00', 40000000, 10, 10, 4000000, '2015-07-18 00:00:00', 10, 2023, 0, 'Nguyễn Minh Hoàng', '2001-01-01 00:00:44', 'Nguyễn Diễm Thuận', '2023-03-26 15:52:32', '[{"budget_name":"Ngân sách tỉnh","mount":28000000.0000, "errorMsg": "", "errorMount": ""},{"budget_name":"Ngân sách huyện","mount":12000000.0000, "errorMsg": "", "errorMount": ""}]'),
('2b24d90a-3a0d-4dda-a4ff-ae1197c62c8f', 'TS98458', 'Dell Vostro 358', NULL, NULL, NULL, '142cb08f-7c31-21fa-8e90-67245e8b283e', 'D009', 'Phòng Đào Tạo', '78aafe4a-67a7-2076-3bf3-eb0223d0a4f7', 'FAT007', 'Máy tính xách tay', '2002-03-05 10:02:51', 78507252, 44, 11.11, 8635797, '2018-12-03 00:00:00', 9, 2023, 1, 'Nguyễn Văn Ly', '2023-04-06 17:26:02', 'Nguyễn Minh Hương', '2023-04-06 17:26:02', '[{"budget_name":"Ngân sách tỉnh","mount":54955076.4000, "errorMsg": "", "errorMount": ""},{"budget_name":"Ngân sách huyện","mount":23552175.6000, "errorMsg": "", "errorMount": ""}]'),
('2c29196c-9c2c-4cfa-9fd0-f9e496989e14', 'TS98338', 'Dell Vostro', NULL, NULL, NULL, '11452b0c-768e-5ff7-0d63-eeb1d8ed8cef', 'D003', 'Phòng Hội trường lớn', '3f8e6896-4c7d-15f5-a018-75d8bd200d7c', 'AFT003', 'Máy tính cá nhân', '2023-03-28 00:00:00', 1565430, 1, 10, 156543, '2023-03-28 00:00:00', 10, 2023, 0, 'string', '2023-03-28 09:10:49', 'string', '2023-03-28 09:10:49', '[{"budget_name":"Ngân sách tỉnh","mount":1095801.0000, "errorMsg": "", "errorMount": ""},{"budget_name":"Ngân sách huyện","mount":469629.0000, "errorMsg": "", "errorMount": ""}]'),
('2ee2a48d-8635-412b-962f-9cbd2a713846', 'TS98335', 'Iphone  13', NULL, NULL, NULL, '142cb08f-7c31-21fa-8e90-67245e8b283e', 'D009', 'Phòng Đào Tạo\r\n', '3f8e6896-4c7d-15f5-a018-75d8bd200d7c', 'AFT003', 'Máy tính cá nhân', '2023-03-26 00:00:00', 20000000, 2, 10, 2000000, '2023-03-26 00:00:00', 10, 2023, 0, NULL, '2023-03-26 23:06:54', NULL, '2023-03-26 23:06:54', '[{"budget_name":"Ngân sách tỉnh","mount":14000000.0000, "errorMsg": "", "errorMount": ""},{"budget_name":"Ngân sách huyện","mount":6000000.0000, "errorMsg": "", "errorMount": ""}]'),
('30bbb723-371a-49db-908d-04ae1bf0caa4', 'TS98391', 'Dell Inspiron 3580', NULL, NULL, NULL, '11452b0c-768e-5ff7-0d63-eeb1d8ed8cef', 'D003', 'Phòng Hội trường lớn', '647a538e-630d-39cd-0144-e5a214c15aa7', 'FAT002', 'Máy tính mini', '2021-04-01 00:00:00', 82000000, 625, 10, 8200000, '2021-04-01 00:00:00', 10, 2023, 0, 'Nguyễn Ngọc Hân', '2023-04-01 09:47:05', 'Nguyễn Thị Minh', '2023-04-01 09:47:05', '[{"budget_name":"Ngân sách tỉnh","mount":57400000.0000, "errorMsg": "", "errorMount": ""},{"budget_name":"Ngân sách huyện","mount":24600000.0000, "errorMsg": "", "errorMount": ""}]'),
('3304dddb-1b72-607f-25c2-579daad24557', 'TS22754', 'Dell Vostro 3580', NULL, NULL, NULL, '4e272fc4-7875-78d6-7d32-6a1673ffca7c', 'D005', 'Phòng Công nghệ thông tin', '647a538e-630d-39cd-0144-e5a214c15aa7', 'FAT002', 'Máy tính mini', '2006-07-25 13:37:21', 485266431, 2, 8.3, 40438869, '2018-08-04 00:00:00', 12, 2023, 0, 'Nguyễn Ngọc Hương', '2009-12-14 01:51:49', 'Lê Thị Thái', '2017-10-22 17:31:18', '[{"budget_name":"Ngân sách tỉnh","mount":339686501.7000, "errorMsg": "", "errorMount": ""},{"budget_name":"Ngân sách huyện","mount":145579929.3000, "errorMsg": "", "errorMount": ""}]'),
('334966cb-c3f1-4120-82cf-138258dbfe4e', 'TS98298', 'iphone 12', NULL, NULL, NULL, '11452b0c-768e-5ff7-0d63-eeb1d8ed8cef', 'D003', 'Phòng Hội trường lớn', '45ac3d26-18f2-18a9-3031-644313fbb055', 'AFT006', 'Máy tính lượng tử\r\n', '2015-03-15 00:00:00', 10000000, 3, 10, 1000000, '2015-03-15 00:00:00', 10, 2023, 0, NULL, '2023-03-14 08:52:46', NULL, '2023-03-26 15:52:56', '[{"budget_name":"Ngân sách tỉnh","mount":7000000.0000, "errorMsg": "", "errorMount": ""},{"budget_name":"Ngân sách huyện","mount":3000000.0000, "errorMsg": "", "errorMount": ""}]'),
('337d0e7b-23a8-423d-9eff-e34e3df316c9', 'TS98488', 'Macbook', NULL, NULL, NULL, '142cb08f-7c31-21fa-8e90-67245e8b283e', 'D009', 'Phòng Đào Tạo\r\n', '3f8e6896-4c7d-15f5-a018-75d8bd200d7c', 'AFT003', 'Máy tính cá nhân', '2020-04-01 00:00:00', 19390202, 4, 8.33, 1551216, '2020-04-01 00:00:00', 12, 2023, 0, NULL, '2023-04-11 20:55:59', NULL, '2023-04-11 20:55:59', '[{"budget_name":"Ngân sách tỉnh","mount":13573141.4000, "errorMsg": "", "errorMount": ""},{"budget_name":"Ngân sách huyện","mount":5817060.6000, "errorMsg": "", "errorMount": ""}]'),
('345a30d3-af23-435d-b979-e5d3f1ceb9ac', 'TS98367', 'Acer', NULL, NULL, NULL, '142cb08f-7c31-21fa-8e90-67245e8b283e', 'D009', 'Phòng Đào Tạo\r\n', '35e773ea-5d44-2dda-26a8-6d513e380bde', 'AFT001', 'Máy tính để bàn', '2020-03-28 00:00:00', 30000000, 3, 12.5, 3600000, '2020-03-28 00:00:00', 8, 2023, 0, NULL, '2023-03-28 09:15:58', NULL, '2023-03-28 09:15:58', '[{"budget_name":"Ngân sách tỉnh","mount":21000000.0000, "errorMsg": "", "errorMount": ""},{"budget_name":"Ngân sách huyện","mount":9000000.0000, "errorMsg": "", "errorMount": ""}]'),
('349d1819-93aa-4f72-9ebb-a62c486fc616', 'TS98345', 'Dell Vostro', NULL, NULL, NULL, '11452b0c-768e-5ff7-0d63-eeb1d8ed8cef', 'D003', 'Phòng Hội trường lớn', '3f8e6896-4c7d-15f5-a018-75d8bd200d7c', 'AFT003', 'Máy tính cá nhân', '2023-03-28 00:00:00', 1565430, 1, 10, 156543, '2023-03-28 00:00:00', 10, 2023, 0, 'string', '2023-03-28 09:11:47', 'string', '2023-03-28 09:11:47', '[{"budget_name":"Ngân sách tỉnh","mount":1095801.0000, "errorMsg": "", "errorMount": ""},{"budget_name":"Ngân sách huyện","mount":469629.0000, "errorMsg": "", "errorMount": ""}]'),
('35c3a053-254d-33f3-1b80-de64d090a2c2', 'TS55543', 'Dell Vostro 3580', NULL, NULL, NULL, '768f8e64-7d10-20c9-967d-e8c757976496', 'D004', 'Phòng Kế toán- Văn thư', '35e773ea-5d44-2dda-26a8-6d513e380bde', 'FAT001', 'Máy tính để bàn', '2001-01-01 00:14:57', 570000000, 246, 8.3, 47606237, '2018-06-15 00:00:00', 12, 2023, 1, 'Nguyễn Ngọc Tuấn', '2001-01-01 02:37:34', 'Nguyễn Minh Minh', '2023-04-24 21:49:08', '[{"budget_name":"Ngân sách tỉnh","mount":399000000.0000, "errorMsg": "", "errorMount": ""},{"budget_name":"Ngân sách huyện","mount":171000000.0000, "errorMsg": "", "errorMount": ""}]'),
('36ac2df8-2b1e-368f-cc1d-086412a8ea97', 'TS20373', 'Dell Inspiron 55935', NULL, NULL, NULL, '4e272fc4-7875-78d6-7d32-6a1673ffca7c', 'D005', 'Phòng Công nghệ thông tin', '45ac3d26-18f2-18a9-3031-644313fbb055', 'FAT006', 'Máy tính lượng tử', '2013-06-12 14:41:42', 486702362, 762, 3.6, 17382227, '2018-01-09 00:00:00', 28, 2023, 0, 'Nguyễn Mai Hương', '2001-01-01 00:04:54', 'Nguyễn Tuấn Giang', '2001-11-23 20:07:26', '[{"budget_name":"Ngân sách tỉnh","mount":340691653.4000, "errorMsg": "", "errorMount": ""},{"budget_name":"Ngân sách huyện","mount":146010708.6000, "errorMsg": "", "errorMount": ""}]'),
('3738ce93-1661-5628-2cc2-579daad24557', 'TS64256', 'Dell Vostro', NULL, NULL, NULL, '4577565a-7e3e-493a-74dd-867949feb8b5', 'D001', 'Phòng Giám đốc', '78aafe4a-67a7-2076-3bf3-eb0223d0a4f7', 'FAT007', 'Máy tính xách tay', '2020-06-21 09:40:46', 421463443, 127, 7.7, 32420265, '2018-08-19 00:00:00', 13, 2023, 0, 'Trịnh Thái Hiếu', '2012-02-14 02:40:47', 'Nguyễn Thị Mạnh', '2019-07-20 21:48:01', '[{"budget_name":"Ngân sách tỉnh","mount":295024410.1000, "errorMsg": "", "errorMount": ""},{"budget_name":"Ngân sách huyện","mount":126439032.9000, "errorMsg": "", "errorMount": ""}]'),
('3b279cc6-5f24-4d02-ab7a-5b51242aeaf0', 'TS98299', 'Máy tính Asus', NULL, NULL, NULL, '142cb08f-7c31-21fa-8e90-67245e8b283e', 'D009', 'Phòng Đào Tạo\r\n', '35e773ea-5d44-2dda-26a8-6d513e380bde', 'AFT001', 'Máy tính để bàn', '2023-03-08 00:00:00', 100000000, 3, 10, 10000000, '2023-03-08 00:00:00', 10, 2023, 0, NULL, '2023-03-14 08:56:44', NULL, '2023-03-14 08:56:44', '[{"budget_name":"Ngân sách tỉnh","mount":70000000.0000, "errorMsg": "", "errorMount": ""},{"budget_name":"Ngân sách huyện","mount":30000000.0000, "errorMsg": "", "errorMount": ""}]'),
('3e51a46c-4153-229c-7f41-c1ec321fe728', 'TS94964', 'Dell XPS 15', NULL, NULL, NULL, '4577565a-7e3e-493a-74dd-867949feb8b5', 'D001', 'Phòng Giám đốc', '75cce5a6-4f7f-3671-3cf3-eb0223d0a4f7', 'FAT005', 'Máy tính bảng', '2002-07-03 23:29:06', 31117357, 3, 4.3, 1352929, '2011-04-24 00:00:00', 23, 2023, 0, 'Nguyễn Việt Lệ', '2001-01-01 00:09:09', 'Nguyễn Việt Loan', '2018-09-29 00:56:56', '[{"budget_name":"Ngân sách tỉnh","mount":21782149.9000, "errorMsg": "", "errorMount": ""},{"budget_name":"Ngân sách huyện","mount":9335207.1000, "errorMsg": "", "errorMount": ""}]'),
('3e7e4a75-b4fa-42d4-9f34-c20c1a15a48b', 'TS98365', 'Dell Vostro', NULL, NULL, NULL, '17120d02-6ab5-3e43-18cb-66948daf6128', 'D007', 'Phòng Nội trú', '3f8e6896-4c7d-15f5-a018-75d8bd200d7c', 'AFT003', 'Máy tính cá nhân', '2020-03-28 00:00:00', 16017700, 3, 10, 1601770, '2020-03-28 00:00:00', 10, 2023, 0, 'Trịnh Tuấn Minh', '2023-03-28 09:15:12', 'Nguyễn Thị Mai', '2023-03-28 09:15:12', '[{"budget_name":"Ngân sách tỉnh","mount":11212390.0000, "errorMsg": "", "errorMount": ""},{"budget_name":"Ngân sách huyện","mount":4805310.0000, "errorMsg": "", "errorMount": ""}]'),
('409dcd1a-426a-23f7-3a35-0028ed526dd0', 'TS16800', 'Dell Inspiron 5593', NULL, NULL, NULL, '469b3ece-744a-45d5-957d-e8c757976496', 'D008', 'Phòng Hành chính ', '75cce5a6-4f7f-3671-3cf3-eb0223d0a4f7', 'FAT005', 'Máy tính bảng', '2023-01-06 00:34:16', 860216451, 16, 3.7, 31859869, '2018-01-11 00:00:00', 27, 2023, 0, 'Nguyễn Thái Lệ', '2014-07-31 12:45:24', 'Nguyễn Tuấn Giang', '2001-10-23 19:40:37', '[{"budget_name":"Ngân sách tỉnh","mount":602151515.7000, "errorMsg": "", "errorMount": ""},{"budget_name":"Ngân sách huyện","mount":258064935.3000, "errorMsg": "", "errorMount": ""}]'),
('417314ae-3716-4051-8194-409f26dade46', 'TS98350', 'Dell Inspiron 55935', NULL, NULL, NULL, '17120d02-6ab5-3e43-18cb-66948daf6128', 'D007', 'Phòng Nội trú', '3f8e6896-4c7d-15f5-a018-75d8bd200d7c', 'AFT003', 'Máy tính cá nhân', '2023-03-28 00:00:00', 40000000, 10, 10, 4000000, '2023-03-28 00:00:00', 10, 2023, 0, 'Nguyễn Minh Hoàng', '2023-03-28 09:12:29', 'Nguyễn Diễm Thuận', '2023-03-28 09:12:29', '[{"budget_name":"Ngân sách tỉnh","mount":28000000.0000, "errorMsg": "", "errorMount": ""},{"budget_name":"Ngân sách huyện","mount":12000000.0000, "errorMsg": "", "errorMount": ""}]'),
('45049700-b895-4ac1-a625-0bde792d3b54', 'TS98323', 'iphone 12', NULL, NULL, NULL, '11452b0c-768e-5ff7-0d63-eeb1d8ed8cef', 'D003', 'Phòng Hội trường lớn', '45ac3d26-18f2-18a9-3031-644313fbb055', 'AFT006', 'Máy tính lượng tử\r\n', '2023-03-24 00:00:00', 1000000000, 3, 10, 100000000, '2023-03-24 00:00:00', 10, 2023, 0, NULL, '2023-03-23 15:58:45', NULL, '2023-03-26 12:59:04', '[{"budget_name":"Ngân sách tỉnh","mount":700000000.0000, "errorMsg": "", "errorMount": ""},{"budget_name":"Ngân sách huyện","mount":300000000.0000, "errorMsg": "", "errorMount": ""}]'),
('45a7628a-21a4-4e71-aa67-157e17f3056d', 'ST03728', 'Dell Vostro', NULL, NULL, NULL, '11452b0c-768e-5ff7-0d63-eeb1d8ed8cef', 'D003', 'Phòng Hội trường lớn', '3f8e6896-4c7d-15f5-a018-75d8bd200d7c', 'AFT003', 'Máy tính cá nhân', '2013-05-31 17:00:00', 1565430, 1, 10, 156543, '2013-05-31 17:00:00', 10, 2023, 0, 'string', '2023-03-09 14:21:01', 'string', '2023-03-09 14:21:01', '[{"budget_name":"Ngân sách tỉnh","mount":1095801.0000, "errorMsg": "", "errorMount": ""},{"budget_name":"Ngân sách huyện","mount":469629.0000, "errorMsg": "", "errorMount": ""}]'),
('48026af4-cc71-4ad6-aac6-1311bb5f84c8', 'TS98499', 'Dell Alie', NULL, NULL, NULL, '142cb08f-7c31-21fa-8e90-67245e8b283e', 'D009', 'Phòng Đào Tạo', '45ac3d26-18f2-18a9-3031-644313fbb055', 'FAT006', 'Máy tính lượng tử', '2012-12-31 17:00:00', 7586702, 4, 10, 758670, '2013-11-30 17:00:00', 10, 2023, 1, 'Nguyễn Tuấn Cường', '2023-04-12 10:44:05', 'Nguyễn Việt Anh', '2023-04-12 10:44:05', '[{"budget_name":"Ngân sách tỉnh","mount":5310691.4000, "errorMsg": "", "errorMount": ""},{"budget_name":"Ngân sách huyện","mount":2276010.6000, "errorMsg": "", "errorMount": ""}]'),
('481183cb-5a6c-795b-68f6-423b4e874d0f', 'TS40431', 'Dell Inspiron 5593', NULL, NULL, NULL, '11452b0c-768e-5ff7-0d63-eeb1d8ed8cef', 'D003', 'Phòng Hội trường lớn', '78aafe4a-67a7-2076-3bf3-eb0223d0a4f7', 'FAT007', 'Máy tính xách tay', '2014-11-13 01:51:51', 60666978, 168, 3.7, 2246925, '2018-05-27 00:00:00', 27, 2023, 0, 'Nguyễn Ngọc Thanh', '2020-01-22 05:52:46', 'Trân Thị Mạnh', '2012-02-16 16:45:19', '[{"budget_name":"Ngân sách tỉnh","mount":42466884.6000, "errorMsg": "", "errorMount": ""},{"budget_name":"Ngân sách huyện","mount":18200093.4000, "errorMsg": "", "errorMount": ""}]'),
('4862eda1-7f05-4282-913d-a95bad5d9bc8', 'TS98441', 'Dell XPS\r\n', NULL, NULL, NULL, '4577565a-7e3e-493a-74dd-867949feb8b5', 'D001', 'Phòng Giám đốc', '647a538e-630d-39cd-0144-e5a214c15aa7', 'FAT002', 'Máy tính mini', '2008-07-22 10:44:45', 37000000, 14, 6.25, 3343678, '2016-06-10 00:00:00', 16, 2023, 0, 'Võ Việt Hoa', '2023-04-04 08:58:42', 'Nguyễn Thái Loan', '2023-04-23 15:53:46', '[{"budget_name":"Ngân sách tỉnh","mount":25900000.0000, "errorMsg": "", "errorMount": ""},{"budget_name":"Ngân sách huyện","mount":11100000.0000, "errorMsg": "", "errorMount": ""}]'),
('4989ff24-23e7-7b82-b6d2-89b22d10517e', 'TS97341', 'Dell Inspiron 358', NULL, NULL, NULL, '768f8e64-7d10-20c9-967d-e8c757976496', 'D004', 'Phòng Kế toán- Văn thư', '75cce5a6-4f7f-3671-3cf3-eb0223d0a4f7', 'FAT005', 'Máy tính bảng', '2008-02-27 12:38:33', 23000000, 292, 10, 2300000, '2017-09-03 00:00:00', 10, 2023, 0, 'Trân Thị Thành', '2019-09-27 07:34:23', 'Nguyễn Thị Giang', '2023-03-30 09:43:49', '[{"budget_name":"Ngân sách tỉnh","mount":16100000.0000, "errorMsg": "", "errorMount": ""},{"budget_name":"Ngân sách huyện","mount":6900000.0000, "errorMsg": "", "errorMount": ""}]'),
('4a65dfb8-15be-45b4-ac3a-6ea879f14857', 'TS98478', 'Dell Inspiron 358', NULL, NULL, NULL, '17120d02-6ab5-3e43-18cb-66948daf6128', 'D007', 'Phòng Nội trú', '45ac3d26-18f2-18a9-3031-644313fbb055', 'FAT006', 'Máy tính lượng tử', '2004-08-30 02:15:43', 89000000, 7, 7.69, 6230000, '2017-07-30 00:00:00', 13, 2023, 1, 'Nguyễn Mai Hiếu', '2023-04-11 20:40:33', 'Nguyễn Ngọc Hương', '2023-04-11 20:50:31', '[{"budget_name":"Ngân sách tỉnh","mount":62300000.0000, "errorMsg": "", "errorMount": ""},{"budget_name":"Ngân sách huyện","mount":26700000.0000, "errorMsg": "", "errorMount": ""}]'),
('506acf1e-5331-67a9-0d77-d9ebc53aac3d', 'TS43237', 'Dell XPS 15', NULL, NULL, NULL, '17120d02-6ab5-3e43-18cb-66948daf6128', 'D007', 'Phòng Nội trú', '75cce5a6-4f7f-3671-3cf3-eb0223d0a4f7', 'FAT005', 'Máy tính bảng', '2001-01-01 01:19:23', 492385474, 317, 4.3, 21408064, '2015-01-15 00:00:00', 23, 2023, 0, 'Nông Văn Hương', '2016-01-20 07:54:40', 'Nguyễn Việt Hoa', '2001-01-01 00:00:09', '[{"budget_name":"Ngân sách tỉnh","mount":344669831.8000, "errorMsg": "", "errorMount": ""},{"budget_name":"Ngân sách huyện","mount":147715642.2000, "errorMsg": "", "errorMount": ""}]'),
('516143de-6c61-41a3-b9fa-40286186bc17', 'TS98412', 'Dell Vostro', NULL, NULL, NULL, '4e272fc4-7875-78d6-7d32-6a1673ffca7c', 'D005', 'Phòng Công nghệ thông tin', '75cce5a6-4f7f-3671-3cf3-eb0223d0a4f7', 'FAT005', 'Máy tính bảng', '2004-09-10 00:00:00', 59950767, 12, 5.26, 2997538, '2018-02-28 00:00:00', 19, 2023, 0, 'Nguyễn Thị Lệ', '2023-04-04 08:42:29', 'Lê Diễm Tuấn', '2023-04-04 08:42:29', '[{"budget_name":"Ngân sách tỉnh","mount":41965536.9000, "errorMsg": "", "errorMount": ""},{"budget_name":"Ngân sách huyện","mount":17985230.1000, "errorMsg": "", "errorMount": ""}]'),
('524751f2-1577-523d-ce1d-086412a8ea97', 'TS46584', 'Dell XPS\r\n', NULL, NULL, NULL, '11452b0c-768e-5ff7-0d63-eeb1d8ed8cef', 'D003', 'Phòng Hội trường lớn', '78aafe4a-67a7-2076-3bf3-eb0223d0a4f7', 'FAT007', 'Máy tính xách tay', '2008-11-22 20:51:16', 3260884, 677, 5, 163044, '2018-01-04 00:00:00', 20, 2023, 0, 'Nông Thị Tuấn', '2002-02-07 04:09:59', 'Nguyễn Minh Mạnh', '2011-01-02 04:18:06', '[{"budget_name":"Ngân sách tỉnh","mount":2282618.8000, "errorMsg": "", "errorMount": ""},{"budget_name":"Ngân sách huyện","mount":978265.2000, "errorMsg": "", "errorMount": ""}]'),
('5254e49d-4368-3162-29c2-579daad24557', 'TS92803', 'Dell XPS\r\n', NULL, NULL, NULL, '768f8e64-7d10-20c9-967d-e8c757976496', 'D004', 'Phòng Kế toán- Văn thư', '7c4f14d8-66fb-14ae-198f-6354f958f4c0', 'FAT004', 'Máy tính tôpô lượng tử', '2022-03-26 00:00:00', 26309420, 536, 7.14, 1841659, '2022-03-28 00:00:00', 14, 2023, 0, 'Trân Ngọc Cường', '2015-10-15 04:35:52', 'Nông Ngọc Linh', '2023-03-26 12:57:06', '[{"budget_name":"Ngân sách tỉnh","mount":18416594.0000, "errorMsg": "", "errorMount": ""},{"budget_name":"Ngân sách huyện","mount":7892826.0000, "errorMsg": "", "errorMount": ""}]'),
('531b79fb-edb5-4375-ae87-fffda5824865', 'TS98381', 'Iphone 13 PRM', NULL, NULL, NULL, '11452b0c-768e-5ff7-0d63-eeb1d8ed8cef', 'D003', 'Phòng Hội trường lớn', '3f8e6896-4c7d-15f5-a018-75d8bd200d7c', 'AFT003', 'Máy tính cá nhân', '2001-03-30 00:00:00', 23000000, 3, 7.69, 1610000, '2001-03-30 00:00:00', 13, 2023, 0, NULL, '2023-03-30 11:16:35', NULL, '2023-03-30 11:16:35', '[{"budget_name":"Ngân sách tỉnh","mount":16100000.0000, "errorMsg": "", "errorMount": ""},{"budget_name":"Ngân sách huyện","mount":6900000.0000, "errorMsg": "", "errorMount": ""}]'),
('56aaf263-3355-23ea-b8d2-89b22d10517e', 'TS31128', 'Dell Alienware 17\r\n', NULL, NULL, NULL, '142cb08f-7c31-21fa-8e90-67245e8b283e', 'D009', 'Phòng Đào Tạo', '45ac3d26-18f2-18a9-3031-644313fbb055', 'FAT006', 'Máy tính lượng tử', '2022-03-26 00:00:00', 9700001, 1, 8.33, 776000, '2022-03-26 00:00:00', 12, 2023, 0, 'Nguyễn Thị Hân', '2019-05-28 10:21:37', 'Nguyễn Minh Cường', '2023-03-26 12:55:14', '[{"budget_name":"Ngân sách tỉnh","mount":6790000.7000, "errorMsg": "", "errorMount": ""},{"budget_name":"Ngân sách huyện","mount":2910000.3000, "errorMsg": "", "errorMount": ""}]'),
('57286e62-b4a2-4a66-9d7c-27867a35aca1', 'TS98503', 'Macbook', NULL, NULL, NULL, '142cb08f-7c31-21fa-8e90-67245e8b283e', 'D009', 'Phòng Đào Tạo\r\n', '3f8e6896-4c7d-15f5-a018-75d8bd200d7c', 'AFT003', 'Máy tính cá nhân', '2020-04-01 00:00:00', 19390202, 4, 8.33, 1551216, '2020-04-01 00:00:00', 12, 2023, 1, NULL, '2023-04-12 11:00:47', NULL, '2023-04-12 11:00:47', '[{"budget_name":"Ngân sách tỉnh","mount":13573141.4000, "errorMsg": "", "errorMount": ""},{"budget_name":"Ngân sách huyện","mount":5817060.6000, "errorMsg": "", "errorMount": ""}]'),
('5799a8d8-29c9-48f3-bb3a-b8d277a60896', 'TS98363', 'Dell Vostro', NULL, NULL, NULL, '11452b0c-768e-5ff7-0d63-eeb1d8ed8cef', 'D003', 'Phòng Hội trường lớn', '3f8e6896-4c7d-15f5-a018-75d8bd200d7c', 'AFT003', 'Máy tính cá nhân', '2020-03-28 00:00:00', 1565430, 1, 10, 156543, '2020-03-28 00:00:00', 10, 2023, 0, 'string', '2023-03-28 09:14:52', 'string', '2023-03-28 09:14:52', '[{"budget_name":"Ngân sách tỉnh","mount":1095801.0000, "errorMsg": "", "errorMount": ""},{"budget_name":"Ngân sách huyện","mount":469629.0000, "errorMsg": "", "errorMount": ""}]'),
('57bcf450-6273-4733-8b11-b0b6bf720323', 'TS98393', 'Dell XPS\r\n', NULL, NULL, NULL, '11452b0c-768e-5ff7-0d63-eeb1d8ed8cef', 'D003', 'Phòng Hội trường lớn', '78aafe4a-67a7-2076-3bf3-eb0223d0a4f7', 'FAT007', 'Máy tính xách tay', '2023-04-01 00:00:00', 3260884, 6, 5, 163044, '2023-03-30 00:00:00', 20, 2023, 0, 'Nông Thị Tuấn', '2023-04-01 10:24:49', 'Nguyễn Minh Mạnh', '2023-04-01 10:24:49', '[{"budget_name":"Ngân sách tỉnh","mount":2282618.8000, "errorMsg": "", "errorMount": ""},{"budget_name":"Ngân sách huyện","mount":978265.2000, "errorMsg": "", "errorMount": ""}]'),
('57c93969-5d25-47ce-84db-119d278dff1a', 'TS98395', 'Dell Inspiron 55935', NULL, NULL, NULL, '17120d02-6ab5-3e43-18cb-66948daf6128', 'D007', 'Phòng Nội trú', '3f8e6896-4c7d-15f5-a018-75d8bd200d7c', 'AFT003', 'Máy tính cá nhân', '2023-04-01 00:00:00', 40000000, 10, 10, 4000000, '2023-04-01 00:00:00', 10, 2023, 0, 'Nguyễn Minh Hoàng', '2023-04-01 10:33:28', 'Nguyễn Diễm Thuận', '2023-04-01 10:53:28', '[{"budget_name":"Ngân sách tỉnh","mount":28000000.0000, "errorMsg": "", "errorMount": ""},{"budget_name":"Ngân sách huyện","mount":12000000.0000, "errorMsg": "", "errorMount": ""}]'),
('58794c0e-9463-42a0-9af6-794e813f63c7', 'TS98327', 'Dell XPS 15', NULL, NULL, NULL, '469b3ece-744a-45d5-957d-e8c757976496', 'D008', 'Phòng Hành chính ', '45ac3d26-18f2-18a9-3031-644313fbb055', 'FAT006', 'Máy tính lượng tử', '2020-03-24 00:00:00', 14444444, 835, 25, 3611111, '2020-03-24 00:00:00', 4, 2023, 0, 'Nguyễn Việt Thuận', '2023-03-24 10:27:33', 'Nông Ngọc Hân', '2023-03-26 12:57:21', '[{"budget_name":"Ngân sách tỉnh","mount":10111110.8000, "errorMsg": "", "errorMount": ""},{"budget_name":"Ngân sách huyện","mount":4333333.2000, "errorMsg": "", "errorMount": ""}]'),
('595e7d51-318c-39e8-1377-d9ebc53aac3d', 'TS88973', 'Dell Alienware 17\r\n', NULL, NULL, NULL, '17120d02-6ab5-3e43-18cb-66948daf6128', 'D007', 'Phòng Nội trú', '75cce5a6-4f7f-3671-3cf3-eb0223d0a4f7', 'FAT005', 'Máy tính bảng', '2011-09-13 22:53:49', 651400426, 741, 6.3, 40712527, '2020-11-17 00:00:00', 16, 2023, 0, 'Nguyễn Tuấn Ly', '2021-07-29 06:38:06', 'Nguyễn Thái Bằng', '2001-04-20 01:28:08', '[{"budget_name":"Ngân sách tỉnh","mount":455980298.2000, "errorMsg": "", "errorMount": ""},{"budget_name":"Ngân sách huyện","mount":195420127.8000, "errorMsg": "", "errorMount": ""}]'),
('5a841b92-791c-78df-5180-7ed9d1ea06ea', 'TS71062', 'Dell XPS\r\n', NULL, NULL, NULL, '4577565a-7e3e-493a-74dd-867949feb8b5', 'D001', 'Phòng Giám đốc', '647a538e-630d-39cd-0144-e5a214c15aa7', 'FAT002', 'Máy tính mini', '2008-07-22 10:44:45', 55727971, 146, 6.3, 3482998, '2016-06-10 00:00:00', 16, 2023, 0, 'Võ Việt Hoa', '2001-01-01 01:37:34', 'Nguyễn Thái Loan', '2001-01-01 00:00:54', '[{"budget_name":"Ngân sách tỉnh","mount":39009579.7000, "errorMsg": "", "errorMount": ""},{"budget_name":"Ngân sách huyện","mount":16718391.3000, "errorMsg": "", "errorMount": ""}]'),
('5a870257-8e3c-4a24-8bda-fb477ee7b1e4', 'TS98369', 'Dell XPS\r\n', NULL, NULL, NULL, '11452b0c-768e-5ff7-0d63-eeb1d8ed8cef', 'D003', 'Phòng Hội trường lớn', '78aafe4a-67a7-2076-3bf3-eb0223d0a4f7', 'FAT007', 'Máy tính xách tay', '2020-03-28 00:00:00', 5000000, 677, 5, 163044, '2020-03-28 00:00:00', 20, 2023, 1, 'Nông Thị Tuấn', '2023-03-28 09:16:34', 'Nguyễn Minh Mạnh', '2023-04-24 21:44:46', '[{"budget_name":"Ngân sách tỉnh","mount":3500000.0000, "errorMsg": "", "errorMount": ""},{"budget_name":"Ngân sách huyện","mount":1500000.0000, "errorMsg": "", "errorMount": ""}]'),
('5ac6c450-0154-41d1-ad7f-c299b69407bc', 'TS98464', 'Dell Alie', NULL, NULL, NULL, '142cb08f-7c31-21fa-8e90-67245e8b283e', 'D009', 'Phòng Đào Tạo', '45ac3d26-18f2-18a9-3031-644313fbb055', 'FAT006', 'Máy tính lượng tử', '2012-12-31 17:00:00', 60000000, 4, 10, 758670, '2013-11-30 17:00:00', 10, 2023, 1, 'Nguyễn Tuấn Cường', '2023-04-09 14:13:12', 'Nguyễn Việt Anh', '2023-05-04 11:27:24', '[{"budget_name":"Ngân sách tỉnh","mount":42000000.0000, "errorMsg": "", "errorMount": ""},{"budget_name":"Ngân sách huyện","mount":18000000.0000, "errorMsg": "", "errorMount": ""}]'),
('5c362a90-2b57-439b-bc8a-488927c9312f', 'TS98473', 'Iphone XSM', NULL, NULL, NULL, '17120d02-6ab5-3e43-18cb-66948daf6128', 'D007', 'Phòng Nội trú\r\n', '3f8e6896-4c7d-15f5-a018-75d8bd200d7c', 'AFT003', 'Máy tính cá nhân', '2023-04-11 00:00:00', 23000000, 1, 10, 2300000, '2023-04-11 00:00:00', 10, 2023, 1, NULL, '2023-04-11 20:36:52', NULL, '2023-04-11 20:36:52', '[{"budget_name":"Ngân sách tỉnh","mount":16100000.0000, "errorMsg": "", "errorMount": ""},{"budget_name":"Ngân sách huyện","mount":6900000.0000, "errorMsg": "", "errorMount": ""}]'),
('5c7f0ec4-77f2-3794-cf1d-086412a8ea97', 'TS26313', 'Dell Vostro 3580', NULL, NULL, NULL, '11452b0c-768e-5ff7-0d63-eeb1d8ed8cef', 'D003', 'Phòng Hội trường lớn', '7c4f14d8-66fb-14ae-198f-6354f958f4c0', 'FAT004', 'Máy tính tôpô lượng tử', '2001-01-01 00:14:28', 580429525, 733, 4.8, 27639501, '2018-05-17 00:00:00', 21, 2023, 0, 'Nguyễn Minh Cường', '2001-10-26 13:34:30', 'Mai Minh Anh', '2010-08-01 11:20:31', '[{"budget_name":"Ngân sách tỉnh","mount":406300667.5000, "errorMsg": "", "errorMount": ""},{"budget_name":"Ngân sách huyện","mount":174128857.5000, "errorMsg": "", "errorMount": ""}]'),
('5cbc706e-e3c4-4f88-9896-a49d357d4faa', 'TS98502', 'Dell Alie', NULL, NULL, NULL, '142cb08f-7c31-21fa-8e90-67245e8b283e', 'D009', 'Phòng Đào Tạo', '45ac3d26-18f2-18a9-3031-644313fbb055', 'FAT006', 'Máy tính lượng tử', '2012-12-31 17:00:00', 13000000, 4, 10, 758670, '2013-11-30 17:00:00', 10, 2023, 1, 'Nguyễn Tuấn Cường', '2023-04-12 10:56:30', 'Nguyễn Việt Anh', '2023-05-04 11:27:39', '[{"budget_name":"Ngân sách tỉnh","mount":9100000.0000, "errorMsg": "", "errorMount": ""},{"budget_name":"Ngân sách huyện","mount":3900000.0000, "errorMsg": "", "errorMount": ""}]'),
('5db4cb61-ef3e-474f-bc39-55c053245ae8', 'TS98476', 'Ipad Gen9', NULL, NULL, NULL, '768f8e64-7d10-20c9-967d-e8c757976496', 'D004', 'Phòng Kế toán- Văn thư', '3f8e6896-4c7d-15f5-a018-75d8bd200d7c', 'FAT003', 'Máy tính cá nhân', '2020-04-01 00:00:00', 66000000, 4, 4.55, 2650982, '2020-04-01 00:00:00', 22, 2023, 1, 'Nguyễn Diễm Hân', '2023-04-11 20:39:57', 'Trân Minh Loan', '2023-05-13 10:33:55', '[{"budget_name":"Ngân sách tỉnh","mount":45500000,"errorMsg":"","errorMount":""},{"budget_name":"Ngân sách huyện","mount":19500000,"errorMsg":"","errorMount":""},{"budget_name":"Ngân sách xã","mount":1000000,"errorMsg":"","errorMount":""}]'),
('5de704c2-573f-1a71-1a80-de64d090a2c2', 'TS53407', 'Macbook M1\r\n', NULL, NULL, NULL, '469b3ece-744a-45d5-957d-e8c757976496', 'D008', 'Phòng Hành chính ', '3f8e6896-4c7d-15f5-a018-75d8bd200d7c', 'FAT003', 'Máy tính cá nhân', '2001-01-01 00:00:07', 741897896, 28, 6.7, 49459860, '2018-01-07 00:00:00', 15, 2023, 0, 'Lê Văn Loan', '2003-09-01 05:44:54', 'Nguyễn Ngọc Hương', '2006-07-12 23:38:18', '[{"budget_name":"Ngân sách tỉnh","mount":519328527.2000, "errorMsg": "", "errorMount": ""},{"budget_name":"Ngân sách huyện","mount":222569368.8000, "errorMsg": "", "errorMount": ""}]'),
('5f03d745-7702-1c85-2bc2-579daad24557', 'TS10635', 'Dell XPS 13', NULL, NULL, NULL, '768f8e64-7d10-20c9-967d-e8c757976496', 'D004', 'Phòng Kế toán- Văn thư', '35e773ea-5d44-2dda-26a8-6d513e380bde', 'FAT001', 'Máy tính để bàn', '2012-04-07 22:53:05', 5000000, 10, 4.17, 331251, '2017-06-24 00:00:00', 24, 2023, 1, 'Lê Thị Loan', '2014-11-25 02:47:50', 'Nguyễn Ngọc Cường', '2023-04-23 16:55:09', '[{"budget_name":"Ngân sách tỉnh","mount":3500000.0000, "errorMsg": "", "errorMount": ""},{"budget_name":"Ngân sách huyện","mount":1500000.0000, "errorMsg": "", "errorMount": ""}]'),
('5fab4ff7-1b8e-64d0-1880-de64d090a2c2', 'TS30672', 'Dell Vostro 3580', NULL, NULL, NULL, '142cb08f-7c31-21fa-8e90-67245e8b283e', 'D009', 'Phòng Đào Tạo', '78aafe4a-67a7-2076-3bf3-eb0223d0a4f7', 'FAT007', 'Máy tính xách tay', '2002-03-05 10:02:51', 785072352, 448, 11.1, 87230261, '2018-12-03 00:00:00', 9, 2023, 0, 'Nguyễn Văn Ly', '2008-04-20 13:44:13', 'Nguyễn Minh Hương', '2001-04-26 15:14:21', '[{"budget_name":"Ngân sách tỉnh","mount":549550646.4000, "errorMsg": "", "errorMount": ""},{"budget_name":"Ngân sách huyện","mount":235521705.6000, "errorMsg": "", "errorMount": ""}]'),
('6059d2de-b013-416e-b278-fc0f901e7338', 'TS98434', 'Dell Vostro', NULL, NULL, NULL, '17120d02-6ab5-3e43-18cb-66948daf6128', 'D007', 'Phòng Nội trú', '3f8e6896-4c7d-15f5-a018-75d8bd200d7c', 'AFT003', 'Máy tính cá nhân', '2023-03-28 00:00:00', 27000000, 3, 10, 1601770, '2023-03-28 00:00:00', 10, 2023, 1, 'Trịnh Tuấn Minh', '2023-04-04 08:53:22', 'Nguyễn Thị Mai', '2023-04-27 11:50:28', '[{"budget_name":"Ngân sách tỉnh","mount":18900000.0000, "errorMsg": "", "errorMount": ""},{"budget_name":"Ngân sách huyện","mount":8100000.0000, "errorMsg": "", "errorMount": ""}]'),
('60ba1367-7e2a-43c8-864a-a3ba11cf138b', 'TS98316', 'Acer', NULL, NULL, NULL, '142cb08f-7c31-21fa-8e90-67245e8b283e', 'D009', 'Phòng Đào Tạo\r\n', '35e773ea-5d44-2dda-26a8-6d513e380bde', 'AFT001', 'Máy tính để bàn', '2023-03-15 00:00:00', 30000000, 3, 12.5, 3750000, '2023-03-15 00:00:00', 8, 2023, 0, NULL, '2023-03-23 13:41:54', NULL, '2023-03-23 14:46:01', '[{"budget_name":"Ngân sách tỉnh","mount":21000000.0000, "errorMsg": "", "errorMount": ""},{"budget_name":"Ngân sách huyện","mount":9000000.0000, "errorMsg": "", "errorMount": ""}]'),
('6175f86f-f02e-4549-b8b6-bfb9e1a4684b', 'TS98471', 'Dell XPS\r\n', NULL, NULL, NULL, '4577565a-7e3e-493a-74dd-867949feb8b5', 'D001', 'Phòng Giám đốc', '3f8e6896-4c7d-15f5-a018-75d8bd200d7c', 'AFT003', 'Máy tính cá nhân', '2022-03-26 00:00:00', 27000000, 5, 10, 2630942, '2022-03-28 00:00:00', 10, 2023, 1, 'Trân Ngọc Cường', '2023-04-10 14:13:32', 'Nông Ngọc Linh', '2023-05-05 16:02:54', '[{"budget_name":"Ngân sách tỉnh","mount":18900000.0000, "errorMsg": "", "errorMount": ""},{"budget_name":"Ngân sách huyện","mount":8100000.0000, "errorMsg": "", "errorMount": ""}]'),
('61c88ba2-690d-40b1-b310-4a6345c23e69', 'TS98322', 'Acer', NULL, NULL, NULL, '142cb08f-7c31-21fa-8e90-67245e8b283e', 'D009', 'Phòng Đào Tạo\r\n', '35e773ea-5d44-2dda-26a8-6d513e380bde', 'AFT001', 'Máy tính để bàn', '2023-03-24 00:00:00', 300000000, 3, 12.5, 37500000, '2023-03-24 00:00:00', 8, 2023, 0, NULL, '2023-03-23 14:53:27', NULL, '2023-03-24 08:44:36', '[{"budget_name":"Ngân sách tỉnh","mount":210000000.0000, "errorMsg": "", "errorMount": ""},{"budget_name":"Ngân sách huyện","mount":90000000.0000, "errorMsg": "", "errorMount": ""}]'),
('61d8c888-594a-4d3d-9af2-15629f3d5422', 'TS98407', 'Dell XPS 15', NULL, NULL, NULL, '17120d02-6ab5-3e43-18cb-66948daf6128', 'D007', 'Phòng Nội trú', '35e773ea-5d44-2dda-26a8-6d513e380bde', 'FAT001', 'Máy tính để bàn', '2013-03-21 00:00:00', 35000000, 9, 10, 3500000, '2014-04-25 00:00:00', 10, 2023, 0, 'Nguyễn Thị Hường', '2023-04-04 08:42:03', 'Nguyễn Việt Ly', '2023-04-04 08:42:03', '[{"budget_name":"Ngân sách tỉnh","mount":24500000.0000, "errorMsg": "", "errorMount": ""},{"budget_name":"Ngân sách huyện","mount":10500000.0000, "errorMsg": "", "errorMount": ""}]'),
('6485b64f-7835-65a4-8041-c1ec321fe728', 'TS73617', 'Dell XPS 13', NULL, NULL, NULL, '11452b0c-768e-5ff7-0d63-eeb1d8ed8cef', 'D003', 'Phòng Hội trường lớn', '45ac3d26-18f2-18a9-3031-644313fbb055', 'FAT006', 'Máy tính lượng tử', '2001-01-01 00:01:02', 195359583, 278, 7.7, 15027660, '2018-03-03 00:00:00', 13, 2023, 0, 'Lê Minh Loan', '2007-06-19 05:19:23', 'Trân Văn Anh', '2005-10-24 01:29:54', '[{"budget_name":"Ngân sách tỉnh","mount":136751708.1000, "errorMsg": "", "errorMount": ""},{"budget_name":"Ngân sách huyện","mount":58607874.9000, "errorMsg": "", "errorMount": ""}]'),
('649ad4f5-b7c6-4317-811f-bb426fbe71d4', 'TS98451', 'Dell XPS\r\n', NULL, NULL, NULL, '11452b0c-768e-5ff7-0d63-eeb1d8ed8cef', 'D003', 'Phòng Hội trường lớn', '78aafe4a-67a7-2076-3bf3-eb0223d0a4f7', 'FAT007', 'Máy tính xách tay', '2021-03-26 00:00:00', 11000000, 6, 5, 1630442, '2021-03-26 00:00:00', 20, 2023, 1, 'Nông Thị Tuấn', '2023-04-04 09:03:08', 'Nguyễn Minh Mạnh', '2023-04-22 22:29:30', '[{"budget_name":"Ngân sách tỉnh","mount":7700000.0000, "errorMsg": "", "errorMount": ""},{"budget_name":"Ngân sách huyện","mount":3300000.0000, "errorMsg": "", "errorMount": ""}]'),
('65b2fac8-2be4-4425-bbbd-ad7ee906278d', 'TS98346', 'Dell XPS\r\n', NULL, NULL, NULL, '11452b0c-768e-5ff7-0d63-eeb1d8ed8cef', 'D003', 'Phòng Hội trường lớn', '78aafe4a-67a7-2076-3bf3-eb0223d0a4f7', 'FAT007', 'Máy tính xách tay', '2023-03-28 00:00:00', 3260884, 677, 5, 163044, '2023-03-28 00:00:00', 20, 2023, 0, 'Nông Thị Tuấn', '2023-03-28 09:11:55', 'Nguyễn Minh Mạnh', '2023-03-28 09:11:55', '[{"budget_name":"Ngân sách tỉnh","mount":2282618.8000, "errorMsg": "", "errorMount": ""},{"budget_name":"Ngân sách huyện","mount":978265.2000, "errorMsg": "", "errorMount": ""}]'),
('66990001-70fe-479e-a2b2-a35676e6113c', 'TS98465', 'Dell Vostro', NULL, NULL, NULL, '4e272fc4-7875-78d6-7d32-6a1673ffca7c', 'D005', 'Phòng Công nghệ thông tin', '75cce5a6-4f7f-3671-3cf3-eb0223d0a4f7', 'FAT005', 'Máy tính bảng', '2004-09-10 00:00:00', 59950767, 12, 5.26, 2997538, '2018-02-28 00:00:00', 19, 2023, 0, 'Nguyễn Thị Lệ', '2023-04-09 14:13:24', 'Lê Diễm Tuấn', '2023-04-09 14:13:24', '[{"budget_name":"Ngân sách tỉnh","mount":41965536.9000, "errorMsg": "", "errorMount": ""},{"budget_name":"Ngân sách huyện","mount":17985230.1000, "errorMsg": "", "errorMount": ""}]'),
('6852b5d5-27c5-493d-8a2c-9ab636f05e3f', 'TS98291', 'Macbook', NULL, NULL, NULL, '142cb08f-7c31-21fa-8e90-67245e8b283e', 'D009', 'Phòng Đào Tạo\r\n', '3f8e6896-4c7d-15f5-a018-75d8bd200d7c', 'AFT003', 'Máy tính cá nhân', '2013-03-22 00:00:00', 19390202, 4, 8.33, 1551216, '2013-03-28 00:00:00', 12, 2023, 0, NULL, '2023-03-11 19:21:17', NULL, '2023-03-26 15:53:28', '[{"budget_name":"Ngân sách tỉnh","mount":13573141.4000, "errorMsg": "", "errorMount": ""},{"budget_name":"Ngân sách huyện","mount":5817060.6000, "errorMsg": "", "errorMount": ""}]'),
('6b550b8f-7ff9-51bc-0f77-d9ebc53aac3d', 'TS46374', 'Dell Vostro', NULL, NULL, NULL, '17120d02-6ab5-3e43-18cb-66948daf6128', 'D007', 'Phòng Nội trú', '3f8e6896-4c7d-15f5-a018-75d8bd200d7c', 'AFT003', 'Máy tính cá nhân', '2018-05-09 01:30:30', 16017700, 3, 10, 1601770, '2018-06-03 00:00:00', 10, 2023, 0, 'Trịnh Tuấn Minh', '2019-12-11 17:13:54', 'Nguyễn Thị Mai', '2015-10-01 10:49:34', '[{"budget_name":"Ngân sách tỉnh","mount":11212390.0000, "errorMsg": "", "errorMount": ""},{"budget_name":"Ngân sách huyện","mount":4805310.0000, "errorMsg": "", "errorMount": ""}]'),
('6c5b9fe7-14c9-3bb5-b4d2-89b22d10517e', 'TS46577', 'Dell Inspiron 3580', NULL, NULL, NULL, '11452b0c-768e-5ff7-0d63-eeb1d8ed8cef', 'D003', 'Phòng Hội trường lớn', '647a538e-630d-39cd-0144-e5a214c15aa7', 'FAT002', 'Máy tính mini', '2010-03-08 00:00:00', 82000000, 625, 10, 8200000, '2010-08-22 00:00:00', 10, 2023, 0, 'Nguyễn Ngọc Hân', '2001-01-01 00:00:06', 'Nguyễn Thị Minh', '2023-03-30 11:55:45', '[{"budget_name":"Ngân sách tỉnh","mount":57400000.0000, "errorMsg": "", "errorMount": ""},{"budget_name":"Ngân sách huyện","mount":24600000.0000, "errorMsg": "", "errorMount": ""}]'),
('6c80a684-1cb5-41af-ff34-60b3ebf808a9', 'TS38697', 'Dell XPS 15', NULL, NULL, NULL, '17120d02-6ab5-3e43-18cb-66948daf6128', 'D007', 'Phòng Nội trú', '35e773ea-5d44-2dda-26a8-6d513e380bde', 'FAT001', 'Máy tính để bàn', '2013-03-21 00:00:00', 35000000, 9, 10, 3500000, '2014-04-25 00:00:00', 10, 2023, 0, 'Nguyễn Thị Hường', '2006-09-21 11:00:01', 'Nguyễn Việt Ly', '2023-04-01 10:54:17', '[{"budget_name":"Ngân sách tỉnh","mount":24500000.0000, "errorMsg": "", "errorMount": ""},{"budget_name":"Ngân sách huyện","mount":10500000.0000, "errorMsg": "", "errorMount": ""}]'),
('6cb13220-d983-411e-9223-fe8ad2945a61', 'TS98414', 'Dell Inspiron 3580', NULL, NULL, NULL, '17120d02-6ab5-3e43-18cb-66948daf6128', 'D007', 'Phòng Nội trú', '45ac3d26-18f2-18a9-3031-644313fbb055', 'FAT006', 'Máy tính lượng tử', '2004-08-30 02:15:43', 869251796, 7, 7.69, 60847625, '2017-07-30 00:00:00', 13, 2023, 0, 'Nguyễn Mai Hiếu', '2023-04-04 08:42:54', 'Nguyễn Ngọc Hương', '2023-04-04 08:42:54', '[{"budget_name":"Ngân sách tỉnh","mount":608476257.2000, "errorMsg": "", "errorMount": ""},{"budget_name":"Ngân sách huyện","mount":260775538.8000, "errorMsg": "", "errorMount": ""}]'),
('6e95c9cf-518f-4956-a1ef-e9125b36a3b2', 'TS98362', 'Iphone 13 PRM', NULL, NULL, NULL, '11452b0c-768e-5ff7-0d63-eeb1d8ed8cef', 'D003', 'Phòng Hội trường lớn', '3f8e6896-4c7d-15f5-a018-75d8bd200d7c', 'AFT003', 'Máy tính cá nhân', '2020-03-28 00:00:00', 23000000, 3, 7.69, 1610000, '2020-03-28 00:00:00', 13, 2023, 0, NULL, '2023-03-28 09:14:45', NULL, '2023-03-28 20:52:53', '[{"budget_name":"Ngân sách tỉnh","mount":16100000.0000, "errorMsg": "", "errorMount": ""},{"budget_name":"Ngân sách huyện","mount":6900000.0000, "errorMsg": "", "errorMount": ""}]'),
('6ebe7446-902e-47c9-ad57-07be126d0af0', 'TS98366', 'Dell XPS 15', NULL, NULL, NULL, '469b3ece-744a-45d5-957d-e8c757976496', 'D008', 'Phòng Hành chính ', '45ac3d26-18f2-18a9-3031-644313fbb055', 'FAT006', 'Máy tính lượng tử', '2020-03-28 00:00:00', 14444444, 835, 25, 3611111, '2020-03-28 00:00:00', 4, 2023, 0, 'Nguyễn Việt Thuận', '2023-03-28 09:15:46', 'Nông Ngọc Hân', '2023-03-28 09:15:46', '[{"budget_name":"Ngân sách tỉnh","mount":10111110.8000, "errorMsg": "", "errorMount": ""},{"budget_name":"Ngân sách huyện","mount":4333333.2000, "errorMsg": "", "errorMount": ""}]'),
('6ed124cf-1794-4949-8e41-11d7d668fcab', 'TS98394', 'Macbook', NULL, NULL, NULL, '142cb08f-7c31-21fa-8e90-67245e8b283e', 'D009', 'Phòng Đào Tạo\r\n', '3f8e6896-4c7d-15f5-a018-75d8bd200d7c', 'AFT003', 'Máy tính cá nhân', '2023-04-01 00:00:00', 19390202, 4, 8.33, 1551216, '2023-03-29 00:00:00', 12, 2023, 0, NULL, '2023-04-01 10:25:09', NULL, '2023-04-01 10:25:09', '[{"budget_name":"Ngân sách tỉnh","mount":13573141.4000, "errorMsg": "", "errorMount": ""},{"budget_name":"Ngân sách huyện","mount":5817060.6000, "errorMsg": "", "errorMount": ""}]'),
('6f51ea57-13b2-139f-1177-d9ebc53aac3d', 'TS79250', 'Dell Vostro 3580', NULL, NULL, NULL, '142cb08f-7c31-21fa-8e90-67245e8b283e', 'D009', 'Phòng Đào Tạo', '75cce5a6-4f7f-3671-3cf3-eb0223d0a4f7', 'FAT005', 'Máy tính bảng', '2019-11-07 05:40:57', 283127034, 111, 5, 14156352, '2018-03-08 00:00:00', 20, 2023, 0, 'Trân Minh Ngọc', '2009-03-16 22:54:02', 'Mai Ngọc Lệ', '2008-06-27 16:36:11', '[{"budget_name":"Ngân sách tỉnh","mount":198188923.8000, "errorMsg": "", "errorMount": ""},{"budget_name":"Ngân sách huyện","mount":84938110.2000, "errorMsg": "", "errorMount": ""}]'),
('6f881486-d4a8-49d1-baef-a52a98955deb', 'TS98418', 'Dell XPS\r\n', NULL, NULL, NULL, '4577565a-7e3e-493a-74dd-867949feb8b5', 'D001', 'Phòng Giám đốc', '647a538e-630d-39cd-0144-e5a214c15aa7', 'FAT002', 'Máy tính mini', '2008-07-22 10:44:45', 55727971, 1, 6.25, 3343678, '2016-06-10 00:00:00', 16, 2023, 0, 'Võ Việt Hoa', '2023-04-04 08:43:43', 'Nguyễn Thái Loan', '2023-04-04 08:43:43', '[{"budget_name":"Ngân sách tỉnh","mount":39009579.7000, "errorMsg": "", "errorMount": ""},{"budget_name":"Ngân sách huyện","mount":16718391.3000, "errorMsg": "", "errorMount": ""}]'),
('700a3f93-9e96-4a6f-b837-c78be39f8e76', 'TS98384', 'Dell XPS\r\n', NULL, NULL, NULL, '11452b0c-768e-5ff7-0d63-eeb1d8ed8cef', 'D003', 'Phòng Hội trường lớn', '78aafe4a-67a7-2076-3bf3-eb0223d0a4f7', 'FAT007', 'Máy tính xách tay', '2023-04-01 00:00:00', 3260884, 677, 5, 163044, '2023-04-01 00:00:00', 20, 2023, 0, 'Nông Thị Tuấn', '2023-04-01 09:41:57', 'Nguyễn Minh Mạnh', '2023-04-01 09:41:57', '[{"budget_name":"Ngân sách tỉnh","mount":2282618.8000, "errorMsg": "", "errorMount": ""},{"budget_name":"Ngân sách huyện","mount":978265.2000, "errorMsg": "", "errorMount": ""}]'),
('70336dc3-5a21-4a39-b487-606cdb3cce2a', 'TS98330', 'Dell XPS 15', NULL, NULL, NULL, '17120d02-6ab5-3e43-18cb-66948daf6128', 'D007', 'Phòng Nội trú', '75cce5a6-4f7f-3671-3cf3-eb0223d0a4f7', 'FAT005', 'Máy tính bảng', '2020-03-26 00:00:00', 4963527, 317, 9.09, 446717, '2020-03-26 00:00:00', 11, 2023, 0, 'Nông Văn Hương', '2023-03-26 12:31:23', 'Nguyễn Việt Hoa', '2023-03-26 12:54:52', '[{"budget_name":"Ngân sách tỉnh","mount":3474468.9000, "errorMsg": "", "errorMount": ""},{"budget_name":"Ngân sách huyện","mount":1489058.1000, "errorMsg": "", "errorMount": ""}]'),
('73dc79e1-1ccb-35a6-0235-60b3ebf808a9', 'TS89938', 'Dell Inspiron 55935', NULL, NULL, NULL, '17120d02-6ab5-3e43-18cb-66948daf6128', 'D007', 'Phòng Nội trú', '35e773ea-5d44-2dda-26a8-6d513e380bde', 'FAT001', 'Máy tính để bàn', '2007-08-31 00:00:00', 69468320, 12, 6.3, 4341770, '2018-08-03 00:00:00', 16, 2023, 0, 'Nguyễn Thị Loan', '2001-01-01 02:03:38', 'Nguyễn Văn Thuận', '2015-09-30 18:21:53', '[{"budget_name":"Ngân sách tỉnh","mount":48627824.0000, "errorMsg": "", "errorMount": ""},{"budget_name":"Ngân sách huyện","mount":20840496.0000, "errorMsg": "", "errorMount": ""}]'),
('764a5e54-5e87-4edd-8ece-1971913e4a4e', 'TS74839', 'Dell latitude 5540', NULL, NULL, NULL, '142cb08f-7c31-21fa-8e90-67245e8b283e', 'D009', 'Phòng Đào Tạo\r\n', '3f8e6896-4c7d-15f5-a018-75d8bd200d7c', 'AFT003', 'Máy tính cá nhân', '2023-02-08 17:00:00', 10000000, 3, 10, 1000000, '2023-02-08 17:00:00', 10, 2023, 0, NULL, '2023-03-09 14:11:03', NULL, '2023-03-09 14:11:03', '[{"budget_name":"Ngân sách tỉnh","mount":7000000.0000, "errorMsg": "", "errorMount": ""},{"budget_name":"Ngân sách huyện","mount":3000000.0000, "errorMsg": "", "errorMount": ""}]'),
('78d58931-79a1-4c95-82f3-5411dc5b2ea5', 'TS98477', 'Dell Vostro 358', NULL, NULL, NULL, '142cb08f-7c31-21fa-8e90-67245e8b283e', 'D009', 'Phòng Đào Tạo', '78aafe4a-67a7-2076-3bf3-eb0223d0a4f7', 'FAT007', 'Máy tính xách tay', '2002-03-05 10:02:51', 78507252, 44, 11.11, 8635797, '2018-12-03 00:00:00', 9, 2023, 1, 'Nguyễn Văn Ly', '2023-04-11 20:40:10', 'Nguyễn Minh Hương', '2023-04-11 20:40:10', '[{"budget_name":"Ngân sách tỉnh","mount":54955076.4000, "errorMsg": "", "errorMount": ""},{"budget_name":"Ngân sách huyện","mount":23552175.6000, "errorMsg": "", "errorMount": ""}]'),
('79baffd8-9048-4c1a-b81d-e08d337ec0bb', 'TS98500', 'Dell XPS 15', NULL, NULL, NULL, '17120d02-6ab5-3e43-18cb-66948daf6128', 'D007', 'Phòng Nội trú', '35e773ea-5d44-2dda-26a8-6d513e380bde', 'FAT001', 'Máy tính để bàn', '2020-04-01 00:00:00', 35000000, 9, 10, 3500000, '2020-04-01 00:00:00', 10, 2023, 1, 'Nguyễn Thị Hường', '2023-04-12 10:50:20', 'Nguyễn Việt Ly', '2023-05-04 11:45:05', '[{"budget_name":"Ngân sách tỉnh","mount":24500000.0000, "errorMsg": "", "errorMount": ""},{"budget_name":"Ngân sách huyện","mount":10500000.0000, "errorMsg": "", "errorMount": ""}]'),
('7a9df1f2-7a57-4f08-8813-89e7a090bce8', 'TS98348', 'Dell Vostro', NULL, NULL, NULL, '17120d02-6ab5-3e43-18cb-66948daf6128', 'D007', 'Phòng Nội trú', '3f8e6896-4c7d-15f5-a018-75d8bd200d7c', 'AFT003', 'Máy tính cá nhân', '2023-03-28 00:00:00', 16017700, 3, 10, 1601770, '2023-03-28 00:00:00', 10, 2023, 0, 'Trịnh Tuấn Minh', '2023-03-28 09:12:18', 'Nguyễn Thị Mai', '2023-03-28 09:12:18', '[{"budget_name":"Ngân sách tỉnh","mount":11212390.0000, "errorMsg": "", "errorMount": ""},{"budget_name":"Ngân sách huyện","mount":4805310.0000, "errorMsg": "", "errorMount": ""}]'),
('7aa4dddb-36ab-49ac-8878-db2b21a16f3e', 'TS98359', 'Dell XPS 15', NULL, NULL, NULL, '469b3ece-744a-45d5-957d-e8c757976496', 'D008', 'Phòng Hành chính ', '45ac3d26-18f2-18a9-3031-644313fbb055', 'FAT006', 'Máy tính lượng tử', '2020-03-28 00:00:00', 14444444, 835, 25, 3611111, '2020-03-28 00:00:00', 4, 2023, 0, 'Nguyễn Việt Thuận', '2023-03-28 09:14:17', 'Nông Ngọc Hân', '2023-03-28 09:14:17', '[{"budget_name":"Ngân sách tỉnh","mount":10111110.8000, "errorMsg": "", "errorMount": ""},{"budget_name":"Ngân sách huyện","mount":4333333.2000, "errorMsg": "", "errorMount": ""}]'),
('7ad34860-1ac8-7ad7-d01d-086412a8ea97', 'TS69628', 'Dell Alie', NULL, NULL, NULL, '142cb08f-7c31-21fa-8e90-67245e8b283e', 'D009', 'Phòng Đào Tạo', '45ac3d26-18f2-18a9-3031-644313fbb055', 'FAT006', 'Máy tính lượng tử', '2012-12-31 17:00:00', 758670256, 463, 10, 75867026, '2013-11-30 17:00:00', 10, 2023, 0, 'Nguyễn Tuấn Cường', '2023-03-08 17:06:49', 'Nguyễn Việt Anh', '2023-03-08 17:06:49', '[{"budget_name":"Ngân sách tỉnh","mount":531069179.2000, "errorMsg": "", "errorMount": ""},{"budget_name":"Ngân sách huyện","mount":227601076.8000, "errorMsg": "", "errorMount": ""}]'),
('7ae50e48-8d25-452e-9396-9e6ba0dfc437', 'TS98398', 'Macbook M1\r\n', NULL, NULL, NULL, '768f8e64-7d10-20c9-967d-e8c757976496', 'D004', 'Phòng Kế toán- Văn thư', '7c4f14d8-66fb-14ae-198f-6354f958f4c0', 'FAT004', 'Máy tính tôpô lượng tử', '2021-04-01 00:00:00', 94000000, 2, 10, 9400000, '2021-04-01 00:00:00', 10, 2023, 0, 'Nguyễn Thị Hương', '2023-04-01 10:54:00', 'Hoàng Ngọc Giang', '2023-04-01 10:54:00', '[{"budget_name":"Ngân sách tỉnh","mount":65800000.0000, "errorMsg": "", "errorMount": ""},{"budget_name":"Ngân sách huyện","mount":28200000.0000, "errorMsg": "", "errorMount": ""}]'),
('7b16f782-e10e-46c5-bd46-fa70f480e986', 'TS98429', 'Macbook', NULL, NULL, NULL, '142cb08f-7c31-21fa-8e90-67245e8b283e', 'D009', 'Phòng Đào Tạo\r\n', '3f8e6896-4c7d-15f5-a018-75d8bd200d7c', 'AFT003', 'Máy tính cá nhân', '2021-04-01 00:00:00', 20000000, 4, 8.33, 1551216, '2021-04-01 00:00:00', 12, 2023, 1, NULL, '2023-04-04 08:48:59', NULL, '2023-04-24 21:39:14', '[{"budget_name":"Ngân sách tỉnh","mount":14000000.0000, "errorMsg": "", "errorMount": ""},{"budget_name":"Ngân sách huyện","mount":6000000.0000, "errorMsg": "", "errorMount": ""}]'),
('7bd9cf39-3f55-3a7b-0035-60b3ebf808a9', 'TS60915', 'Macbook M1\r\n', NULL, NULL, NULL, '11452b0c-768e-5ff7-0d63-eeb1d8ed8cef', 'D003', 'Phòng Hội trường lớn', '647a538e-630d-39cd-0144-e5a214c15aa7', 'FAT002', 'Máy tính mini', '2001-01-01 00:00:07', 775543920, 249, 4.2, 32314330, '2018-01-07 00:00:00', 24, 2023, 0, 'Trịnh Thị Cường', '2020-11-18 02:58:52', 'Nông Tuấn Mạnh', '2006-07-04 08:14:08', '[{"budget_name":"Ngân sách tỉnh","mount":542880744.0000, "errorMsg": "", "errorMount": ""},{"budget_name":"Ngân sách huyện","mount":232663176.0000, "errorMsg": "", "errorMount": ""}]'),
('7bf3d308-a281-4186-bf34-602e0b1180d4', 'TS98459', 'Iphone 13 PRM', NULL, NULL, NULL, '11452b0c-768e-5ff7-0d63-eeb1d8ed8cef', 'D003', 'Phòng Hội trường lớn', '3f8e6896-4c7d-15f5-a018-75d8bd200d7c', 'AFT003', 'Máy tính cá nhân', '2021-03-28 00:00:00', 2300000, 3, 7.69, 161000, '2021-03-28 00:00:00', 13, 2023, 0, NULL, '2023-04-09 13:49:17', NULL, '2023-04-10 14:13:11', '[{"budget_name":"Ngân sách tỉnh","mount":1610000.0000, "errorMsg": "", "errorMount": ""},{"budget_name":"Ngân sách huyện","mount":690000.0000, "errorMsg": "", "errorMount": ""}]'),
('7d14745e-2045-4e52-b4e6-7253401332d0', 'TS98301', 'iphone 12', NULL, NULL, NULL, '11452b0c-768e-5ff7-0d63-eeb1d8ed8cef', 'D003', 'Phòng Hội trường lớn', '45ac3d26-18f2-18a9-3031-644313fbb055', 'AFT006', 'Máy tính lượng tử\r\n', '2019-03-15 00:00:00', 10000000, 3, 10, 1000000, '2019-03-15 00:00:00', 10, 2023, 0, NULL, '2023-03-16 09:08:36', NULL, '2023-03-26 15:48:52', '[{"budget_name":"Ngân sách tỉnh","mount":7000000.0000, "errorMsg": "", "errorMount": ""},{"budget_name":"Ngân sách huyện","mount":3000000.0000, "errorMsg": "", "errorMount": ""}]'),
('7d8ecfd7-4981-4e49-93ba-1fdc6a481693', 'TS98439', 'Dell Inspiron 3580', NULL, NULL, NULL, '142cb08f-7c31-21fa-8e90-67245e8b283e', 'D009', 'Phòng Đào Tạo', '75cce5a6-4f7f-3671-3cf3-eb0223d0a4f7', 'FAT005', 'Máy tính bảng', '2018-08-14 18:35:34', 35000000, 2, 10, 940000, '2019-03-18 00:00:00', 10, 2023, 1, 'Nguyễn Việt Trường', '2023-04-04 08:56:02', 'Hoàng Thị Cường', '2023-05-04 11:53:56', '[{"budget_name":"Ngân sách tỉnh","mount":24500000.0000, "errorMsg": "", "errorMount": ""},{"budget_name":"Ngân sách huyện","mount":10500000.0000, "errorMsg": "", "errorMount": ""}]'),
('80fb7028-4b00-4bf3-b679-198b19e4250a', 'TS98452', 'Iphone 13 PRM', NULL, NULL, NULL, '11452b0c-768e-5ff7-0d63-eeb1d8ed8cef', 'D003', 'Phòng Hội trường lớn', '3f8e6896-4c7d-15f5-a018-75d8bd200d7c', 'AFT003', 'Máy tính cá nhân', '2021-03-28 00:00:00', 8000000, 3, 7.69, 161000, '2021-03-28 00:00:00', 13, 2023, 1, NULL, '2023-04-04 10:15:08', NULL, '2023-04-26 11:06:45', '[{"budget_name":"Ngân sách tỉnh","mount":5600000.0000, "errorMsg": "", "errorMount": ""},{"budget_name":"Ngân sách huyện","mount":2400000.0000, "errorMsg": "", "errorMount": ""}]'),
('81068834-752a-47e1-82db-b754c7189dd7', 'TS98501', 'Dell XPS 15', NULL, NULL, NULL, '17120d02-6ab5-3e43-18cb-66948daf6128', 'D007', 'Phòng Nội trú', '35e773ea-5d44-2dda-26a8-6d513e380bde', 'FAT001', 'Máy tính để bàn', '2020-04-01 00:00:00', 35100000, 9, 10, 3500000, '2020-04-01 00:00:00', 10, 2023, 1, 'Nguyễn Thị Hường', '2023-04-12 17:14:57', 'Nguyễn Việt Ly', '2023-05-10 11:50:37', '[{"budget_name":"Ngân sách tỉnh","mount":24500000,"errorMsg":"","errorMount":""},{"budget_name":"Ngân sách huyện","mount":10500000,"errorMsg":"","errorMount":""},{"budget_name":"Ngân sách xã","mount":100000,"errorMsg":"","errorMount":""}]'),
('814de069-c415-44d1-928d-8592f17dd728', 'TS98410', 'Ipad Gen9', NULL, NULL, NULL, '768f8e64-7d10-20c9-967d-e8c757976496', 'D004', 'Phòng Kế toán- Văn thư', '3f8e6896-4c7d-15f5-a018-75d8bd200d7c', 'FAT003', 'Máy tính cá nhân', '2020-04-01 00:00:00', 66274555, 4, 4.55, 2650982, '2020-04-01 00:00:00', 22, 2023, 1, 'Nguyễn Diễm Hân', '2023-04-04 08:42:14', 'Trân Minh Loan', '2023-04-04 08:42:14', '[{"budget_name":"Ngân sách tỉnh","mount":46392188.5000, "errorMsg": "", "errorMount": ""},{"budget_name":"Ngân sách huyện","mount":19882366.5000, "errorMsg": "", "errorMount": ""}]'),
('8440872e-0adc-490e-b07b-77c3b8a280fb', 'TS98420', 'Dell Vostro', NULL, NULL, NULL, '17120d02-6ab5-3e43-18cb-66948daf6128', 'D007', 'Phòng Nội trú', '3f8e6896-4c7d-15f5-a018-75d8bd200d7c', 'AFT003', 'Máy tính cá nhân', '2018-05-09 01:30:30', 19000000, 3, 10, 1900000, '2018-06-03 00:00:00', 10, 2023, 1, 'Trịnh Tuấn Minh', '2023-04-04 08:45:06', 'Nguyễn Thị Mai', '2023-05-08 11:01:37', '[{"budget_name":"Ngân sách tỉnh","mount":13300000.0000, "errorMsg": "", "errorMount": ""},{"budget_name":"Ngân sách huyện","mount":5700000.0000, "errorMsg": "", "errorMount": ""}]'),
('84bd3e65-fb62-4f6e-b874-26a812169fd9', 'TS98411', 'Dell Alienware 17\r\n', NULL, NULL, NULL, '4e272fc4-7875-78d6-7d32-6a1673ffca7c', 'D005', 'Phòng Công nghệ thông tin', '75cce5a6-4f7f-3671-3cf3-eb0223d0a4f7', 'FAT005', 'Máy tính bảng', '2022-04-01 00:00:00', 6000000, 9, 5, 298817, '2022-04-01 00:00:00', 20, 2023, 0, 'Nguyễn Minh Hiếu', '2023-04-04 08:42:18', 'Nguyễn Văn Lệ', '2023-05-04 16:03:06', '[{"budget_name":"Ngân sách tỉnh","mount":4200000.0000, "errorMsg": "", "errorMount": ""},{"budget_name":"Ngân sách huyện","mount":1800000.0000, "errorMsg": "", "errorMount": ""}]'),
('895c277e-b61e-43cc-8dff-fbe461453a34', 'TS98461', 'Dell XPS\r\n', NULL, NULL, NULL, '768f8e64-7d10-20c9-967d-e8c757976496', 'D004', 'Phòng Kế toán- Văn thư', '7c4f14d8-66fb-14ae-198f-6354f958f4c0', 'FAT004', 'Máy tính tôpô lượng tử', '2022-03-26 00:00:00', 26309420, 5, 7.14, 1841659, '2022-03-28 00:00:00', 14, 2023, 1, 'Trân Ngọc Cường', '2023-04-09 14:12:58', 'Nông Ngọc Linh', '2023-04-09 14:12:58', '[{"budget_name":"Ngân sách tỉnh","mount":18416594.0000, "errorMsg": "", "errorMount": ""},{"budget_name":"Ngân sách huyện","mount":7892826.0000, "errorMsg": "", "errorMount": ""}]'),
('8b2f1a29-5363-481c-9daf-6579ef666f1e', 'TS98296', 'Acer', NULL, NULL, NULL, '142cb08f-7c31-21fa-8e90-67245e8b283e', 'D009', 'Phòng Đào Tạo\r\n', '35e773ea-5d44-2dda-26a8-6d513e380bde', 'AFT001', 'Máy tính để bàn', '2023-03-15 00:00:00', 30000000, 3, 12.5, 3750000, '2023-03-15 00:00:00', 8, 2023, 0, NULL, '2023-03-12 18:29:33', NULL, '2023-03-12 18:29:33', '[{"budget_name":"Ngân sách tỉnh","mount":21000000.0000, "errorMsg": "", "errorMount": ""},{"budget_name":"Ngân sách huyện","mount":9000000.0000, "errorMsg": "", "errorMount": ""}]'),
('8b8bcbda-9dab-4541-b68b-dd95aefe1ec9', 'TS98513', 'iphone', NULL, NULL, NULL, '17120d02-6ab5-3e43-18cb-66948daf6128', 'D007', 'Phòng Nội trú\r\n', '45ac3d26-18f2-18a9-3031-644313fbb055', 'AFT006', 'Máy tính lượng tử\r\n', '2023-04-12 00:00:00', 2000000, 1, 10, 200000, '2023-04-12 00:00:00', 10, 2023, 1, NULL, '2023-04-12 17:10:05', NULL, '2023-04-12 17:10:05', '[{"budget_name":"Ngân sách tỉnh","mount":1400000.0000, "errorMsg": "", "errorMount": ""},{"budget_name":"Ngân sách huyện","mount":600000.0000, "errorMsg": "", "errorMount": ""}]'),
('8c98f497-56f6-405f-8cd1-8ca85ca43343', 'TS98406', 'de', NULL, NULL, NULL, '142cb08f-7c31-21fa-8e90-67245e8b283e', 'D009', 'Phòng Đào Tạo\r\n', '3f8e6896-4c7d-15f5-a018-75d8bd200d7c', 'AFT003', 'Máy tính cá nhân', '2023-04-04 00:00:00', 10000000, 1, 10, 1000000, '2023-04-04 00:00:00', 10, 2023, 0, NULL, '2023-04-04 08:29:15', NULL, '2023-04-04 08:29:15', '[{"budget_name":"Ngân sách tỉnh","mount":7000000.0000, "errorMsg": "", "errorMount": ""},{"budget_name":"Ngân sách huyện","mount":3000000.0000, "errorMsg": "", "errorMount": ""}]'),
('8dc62191-a3b9-4c13-8828-b7b89a71bd8e', 'TS98421', 'Dell XPS\r\n', NULL, NULL, NULL, '11452b0c-768e-5ff7-0d63-eeb1d8ed8cef', 'D003', 'Phòng Hội trường lớn', '78aafe4a-67a7-2076-3bf3-eb0223d0a4f7', 'FAT007', 'Máy tính xách tay', '2008-11-22 20:51:16', 3260884, 7, 5, 163044, '2018-01-04 00:00:00', 20, 2023, 0, 'Nông Thị Tuấn', '2023-04-04 08:45:37', 'Nguyễn Minh Mạnh', '2023-04-04 08:45:37', '[{"budget_name":"Ngân sách tỉnh","mount":2282618.8000, "errorMsg": "", "errorMount": ""},{"budget_name":"Ngân sách huyện","mount":978265.2000, "errorMsg": "", "errorMount": ""}]'),
('90655152-5d89-4533-9cfd-363b413b6140', 'TS98293', 'Iphone  13', NULL, NULL, NULL, '142cb08f-7c31-21fa-8e90-67245e8b283e', 'D009', 'Phòng Đào Tạo\r\n', '3f8e6896-4c7d-15f5-a018-75d8bd200d7c', 'AFT003', 'Máy tính cá nhân', '2013-03-22 00:00:00', 20000000, 2, 10, 2000000, '2014-03-23 00:00:00', 10, 2023, 0, NULL, '2023-03-12 18:08:19', NULL, '2023-03-26 15:54:11', '[{"budget_name":"Ngân sách tỉnh","mount":14000000.0000, "errorMsg": "", "errorMount": ""},{"budget_name":"Ngân sách huyện","mount":6000000.0000, "errorMsg": "", "errorMount": ""}]'),
('91444abe-3ebe-4ef8-9bbc-608aa22091c8', 'TS98368', 'Dell XPS\r\n', NULL, NULL, NULL, '11452b0c-768e-5ff7-0d63-eeb1d8ed8cef', 'D003', 'Phòng Hội trường lớn', '78aafe4a-67a7-2076-3bf3-eb0223d0a4f7', 'FAT007', 'Máy tính xách tay', '2020-03-28 00:00:00', 3260884, 67, 5, 163044, '2020-03-28 00:00:00', 20, 2023, 0, 'Nông Thị Tuấn', '2023-03-28 09:16:16', 'Nguyễn Minh Mạnh', '2023-03-28 09:16:16', '[{"budget_name":"Ngân sách tỉnh","mount":2282618.8000, "errorMsg": "", "errorMount": ""},{"budget_name":"Ngân sách huyện","mount":978265.2000, "errorMsg": "", "errorMount": ""}]'),
('933c1be0-31f7-4111-86e8-fddcff63d16b', 'TS98347', 'Dell Vostro', NULL, NULL, NULL, '17120d02-6ab5-3e43-18cb-66948daf6128', 'D007', 'Phòng Nội trú', '3f8e6896-4c7d-15f5-a018-75d8bd200d7c', 'AFT003', 'Máy tính cá nhân', '2023-03-28 00:00:00', 16017700, 3, 10, 1601770, '2023-03-28 00:00:00', 10, 2023, 0, 'Trịnh Tuấn Minh', '2023-03-28 09:12:14', 'Nguyễn Thị Mai', '2023-03-28 09:12:14', '[{"budget_name":"Ngân sách tỉnh","mount":11212390.0000, "errorMsg": "", "errorMount": ""},{"budget_name":"Ngân sách huyện","mount":4805310.0000, "errorMsg": "", "errorMount": ""}]'),
('9432b39e-cfb5-4115-b71f-aad278c82efc', 'TS98424', 'Dell Vostro', NULL, NULL, NULL, '142cb08f-7c31-21fa-8e90-67245e8b283e', 'D009', 'Phòng Đào Tạo', '78aafe4a-67a7-2076-3bf3-eb0223d0a4f7', 'FAT007', 'Máy tính xách tay', '2013-04-16 03:00:36', 160300000, 5, 4, 6412000, '2018-07-15 00:00:00', 25, 2023, 1, 'Mai Minh Giang', '2023-04-04 08:46:47', 'Bùi Ngọc Thái', '2023-05-09 15:55:07', '[{"budget_name":"Ngân sách tỉnh","mount":112000000,"errorMsg":"","errorMount":""},{"budget_name":"Ngân sách huyện","mount":48000000,"errorMsg":"","errorMount":""},{"budget_name":"Ngân sách xã","mount":300000,"errorMsg":"","errorMount":""}]'),
('959cb097-c0f5-4f6a-a1bc-bb71924ba96a', 'TS98379', 'Dell Inspiron 55935', NULL, NULL, NULL, '17120d02-6ab5-3e43-18cb-66948daf6128', 'D007', 'Phòng Nội trú', '3f8e6896-4c7d-15f5-a018-75d8bd200d7c', 'AFT003', 'Máy tính cá nhân', '2023-03-29 00:00:00', 35000000, 10, 10, 3500000, '2023-03-29 00:00:00', 10, 2023, 0, 'Nguyễn Minh Hoàng', '2023-03-29 11:13:21', 'Nguyễn Diễm Thuận', '2023-03-29 11:13:21', '[{"budget_name":"Ngân sách tỉnh","mount":24500000.0000, "errorMsg": "", "errorMount": ""},{"budget_name":"Ngân sách huyện","mount":10500000.0000, "errorMsg": "", "errorMount": ""}]'),
('97cb8786-71da-4efb-b9dc-59c5f847b7aa', 'TS98373', 'Dell Vostro', NULL, NULL, NULL, '17120d02-6ab5-3e43-18cb-66948daf6128', 'D007', 'Phòng Nội trú', '3f8e6896-4c7d-15f5-a018-75d8bd200d7c', 'AFT003', 'Máy tính cá nhân', '2023-03-28 00:00:00', 16017700, 3, 14.29, 2242478, '2023-03-28 00:00:00', 7, 2023, 0, 'Trịnh Tuấn Minh', '2023-03-28 10:45:51', 'Nguyễn Thị Mai', '2023-03-28 10:45:51', '[{"budget_name":"Ngân sách tỉnh","mount":11212390.0000, "errorMsg": "", "errorMount": ""},{"budget_name":"Ngân sách huyện","mount":4805310.0000, "errorMsg": "", "errorMount": ""}]'),
('9919ca9d-b574-43c2-b6b7-c7cdc051c6a8', 'TS98317', 'Dell Vostro0', NULL, NULL, NULL, '4577565a-7e3e-493a-74dd-867949feb8b5', 'D001', 'Phòng Giám đốc', '78aafe4a-67a7-2076-3bf3-eb0223d0a4f7', 'FAT007', 'Máy tính xách tay', '2020-06-21 09:40:46', 421463443, 127, 7.69, 32420265, '2018-08-19 00:00:00', 13, 2023, 0, 'Trịnh Thái Hiếu', '2023-03-23 13:42:20', 'Nguyễn Thị Mạnh', '2023-03-23 00:00:00', '[{"budget_name":"Ngân sách tỉnh","mount":295024410.1000, "errorMsg": "", "errorMount": ""},{"budget_name":"Ngân sách huyện","mount":126439032.9000, "errorMsg": "", "errorMount": ""}]'),
('9a096106-57bc-43ee-bb66-4106bd9bf25a', 'TS98463', 'Dell latitude 5540', NULL, NULL, NULL, '142cb08f-7c31-21fa-8e90-67245e8b283e', 'D009', 'Phòng Đào Tạo\r\n', '3f8e6896-4c7d-15f5-a018-75d8bd200d7c', 'AFT003', 'Máy tính cá nhân', '2023-02-08 17:00:00', 10700000, 3, 10, 1000000, '2023-02-08 17:00:00', 10, 2023, 1, NULL, '2023-04-09 14:13:07', NULL, '2023-05-10 16:44:48', '[{"budget_name":"Ngân sách tỉnh","mount":7000000,"errorMsg":"","errorMount":""},{"budget_name":"Ngân sách huyện","mount":3000000,"errorMsg":"","errorMount":""},{"budget_name":"Ngân sách xã","mount":700000,"errorMsg":"","errorMount":""}]'),
('9b156e99-c5ea-4fa2-b750-f8c40dfa0231', 'TS98428', 'Máy tính Asus', NULL, NULL, NULL, '142cb08f-7c31-21fa-8e90-67245e8b283e', 'D009', 'Phòng Đào Tạo\r\n', '35e773ea-5d44-2dda-26a8-6d513e380bde', 'AFT001', 'Máy tính để bàn', '2023-03-08 00:00:00', 10000000, 3, 10, 10000000, '2023-03-08 00:00:00', 10, 2023, 1, NULL, '2023-04-04 08:48:51', NULL, '2023-04-24 21:37:29', '[{"budget_name":"Ngân sách tỉnh","mount":7000000.0000, "errorMsg": "", "errorMount": ""},{"budget_name":"Ngân sách huyện","mount":3000000.0000, "errorMsg": "", "errorMount": ""}]'),
('9df841f2-7ece-4c78-bde9-1572ac1843af', 'TS98357', 'Acer', NULL, NULL, NULL, '142cb08f-7c31-21fa-8e90-67245e8b283e', 'D009', 'Phòng Đào Tạo\r\n', '35e773ea-5d44-2dda-26a8-6d513e380bde', 'AFT001', 'Máy tính để bàn', '2021-03-28 00:00:00', 2000000, 3, 12.5, 240000, '2021-03-28 00:00:00', 8, 2023, 0, NULL, '2023-03-28 09:13:57', NULL, '2023-03-28 09:13:57', '[{"budget_name":"Ngân sách tỉnh","mount":1400000.0000, "errorMsg": "", "errorMount": ""},{"budget_name":"Ngân sách huyện","mount":600000.0000, "errorMsg": "", "errorMount": ""}]'),
('a057afd4-5bab-4db2-9092-0c50e36af188', 'TS98343', 'Dell Alienware 17\r\n', NULL, NULL, NULL, '4e272fc4-7875-78d6-7d32-6a1673ffca7c', 'D005', 'Phòng Công nghệ thông tin', '75cce5a6-4f7f-3671-3cf3-eb0223d0a4f7', 'FAT005', 'Máy tính bảng', '2023-03-28 00:00:00', 5976340, 339, 5, 298817, '2023-03-28 00:00:00', 20, 2023, 0, 'Nguyễn Minh Hiếu', '2023-03-28 09:11:15', 'Nguyễn Văn Lệ', '2023-03-28 09:11:15', '[{"budget_name":"Ngân sách tỉnh","mount":4183438.0000, "errorMsg": "", "errorMount": ""},{"budget_name":"Ngân sách huyện","mount":1792902.0000, "errorMsg": "", "errorMount": ""}]'),
('a315f743-ede9-4290-853f-4bfc9d3a32b3', 'TS98445', 'Dell Vostro', NULL, NULL, NULL, '11452b0c-768e-5ff7-0d63-eeb1d8ed8cef', 'D003', 'Phòng Hội trường lớn', '3f8e6896-4c7d-15f5-a018-75d8bd200d7c', 'AFT003', 'Máy tính cá nhân', '2020-03-28 00:00:00', 10000000, 1, 10, 156543, '2020-03-28 00:00:00', 10, 2023, 1, 'string', '2023-04-04 09:00:15', 'string', '2023-04-22 23:00:02', '[{"budget_name":"Ngân sách tỉnh","mount":7000000.0000, "errorMsg": "", "errorMount": ""},{"budget_name":"Ngân sách huyện","mount":3000000.0000, "errorMsg": "", "errorMount": ""}]'),
('a32c94e0-10a5-490b-b7ae-0936758c827b', 'TS98302', 'iphone 12', NULL, NULL, NULL, '11452b0c-768e-5ff7-0d63-eeb1d8ed8cef', 'D003', 'Phòng Hội trường lớn', '45ac3d26-18f2-18a9-3031-644313fbb055', 'AFT006', 'Máy tính lượng tử\r\n', '2018-03-15 00:00:00', 10000000, 3, 10, 1000000, '2018-03-15 00:00:00', 10, 2023, 0, NULL, '2023-03-16 09:08:40', NULL, '2023-03-26 15:48:25', '[{"budget_name":"Ngân sách tỉnh","mount":7000000.0000, "errorMsg": "", "errorMount": ""},{"budget_name":"Ngân sách huyện","mount":3000000.0000, "errorMsg": "", "errorMount": ""}]'),
('a62c7d33-6d1c-4724-8f58-c5706b434a1f', 'TS98494', 'Dell Alie', NULL, NULL, NULL, '142cb08f-7c31-21fa-8e90-67245e8b283e', 'D009', 'Phòng Đào Tạo', '45ac3d26-18f2-18a9-3031-644313fbb055', 'FAT006', 'Máy tính lượng tử', '2012-12-31 17:00:00', 7586702, 4, 10, 758670, '2013-11-30 17:00:00', 10, 2023, 1, 'Nguyễn Tuấn Cường', '2023-04-12 10:37:15', 'Nguyễn Việt Anh', '2023-04-12 10:37:15', '[{"budget_name":"Ngân sách tỉnh","mount":5310691.4000, "errorMsg": "", "errorMount": ""},{"budget_name":"Ngân sách huyện","mount":2276010.6000, "errorMsg": "", "errorMount": ""}]'),
('a78ab25c-82db-42d7-a6ba-7e527b47bb65', 'TS98431', 'Dell XPS 15', NULL, NULL, NULL, '469b3ece-744a-45d5-957d-e8c757976496', 'D008', 'Phòng Hành chính ', '45ac3d26-18f2-18a9-3031-644313fbb055', 'FAT006', 'Máy tính lượng tử', '2020-03-24 00:00:00', 15000000, 8, 25, 3611111, '2020-03-24 00:00:00', 4, 2023, 1, 'Nguyễn Việt Thuận', '2023-04-04 08:51:08', 'Nông Ngọc Hân', '2023-04-25 14:11:58', '[{"budget_name":"Ngân sách tỉnh","mount":10500000.0000, "errorMsg": "", "errorMount": ""},{"budget_name":"Ngân sách huyện","mount":4500000.0000, "errorMsg": "", "errorMount": ""}]'),
('a7dbfcfb-9c00-4e32-a9a5-164d8fdeee7a', 'TS98490', 'Macbook', NULL, NULL, NULL, '142cb08f-7c31-21fa-8e90-67245e8b283e', 'D009', 'Phòng Đào Tạo\r\n', '3f8e6896-4c7d-15f5-a018-75d8bd200d7c', 'AFT003', 'Máy tính cá nhân', '2020-04-01 00:00:00', 19390202, 4, 8.33, 1551216, '2020-04-01 00:00:00', 12, 2023, 0, NULL, '2023-04-11 20:56:23', NULL, '2023-04-11 20:56:23', '[{"budget_name":"Ngân sách tỉnh","mount":13573141.4000, "errorMsg": "", "errorMount": ""},{"budget_name":"Ngân sách huyện","mount":5817060.6000, "errorMsg": "", "errorMount": ""}]'),
('a8e15540-2535-4836-a33a-2ad649e78c2e', 'TS98496', 'Dell Vostro', NULL, NULL, NULL, '4e272fc4-7875-78d6-7d32-6a1673ffca7c', 'D005', 'Phòng Công nghệ thông tin', '75cce5a6-4f7f-3671-3cf3-eb0223d0a4f7', 'FAT005', 'Máy tính bảng', '2004-09-10 00:00:00', 59950767, 12, 5.26, 2997538, '2018-02-28 00:00:00', 19, 2023, 1, 'Nguyễn Thị Lệ', '2023-04-12 10:37:34', 'Lê Diễm Tuấn', '2023-04-12 10:37:34', '[{"budget_name":"Ngân sách tỉnh","mount":41965536.9000, "errorMsg": "", "errorMount": ""},{"budget_name":"Ngân sách huyện","mount":17985230.1000, "errorMsg": "", "errorMount": ""}]'),
('aa546cb9-e158-43f0-8f02-8a68020a8f84', 'TS98437', 'Dell XPS\r\n', NULL, NULL, NULL, '768f8e64-7d10-20c9-967d-e8c757976496', 'D004', 'Phòng Kế toán- Văn thư', '7c4f14d8-66fb-14ae-198f-6354f958f4c0', 'FAT004', 'Máy tính tôpô lượng tử', '2022-03-26 00:00:00', 10000000, 5, 7.14, 1841659, '2022-03-28 00:00:00', 14, 2023, 1, 'Trân Ngọc Cường', '2023-04-04 08:53:49', 'Nông Ngọc Linh', '2023-04-24 21:29:47', '[{"budget_name":"Ngân sách tỉnh","mount":7000000.0000, "errorMsg": "", "errorMount": ""},{"budget_name":"Ngân sách huyện","mount":3000000.0000, "errorMsg": "", "errorMount": ""}]'),
('ae5e3cfd-2a1a-411c-a90b-1d45aac5abd2', 'TS98438', 'Ipad Gen9', NULL, NULL, NULL, '469b3ece-744a-45d5-957d-e8c757976496', 'D008', 'Phòng Hành chính ', '35e773ea-5d44-2dda-26a8-6d513e380bde', 'AFT001', 'Máy tính để bàn', '2021-03-28 00:00:00', 40000000, 4, 10, 10000, '2021-03-28 00:00:00', 10, 2023, 1, 'Nguyễn Diễm Hân', '2023-04-04 08:54:49', 'Trân Minh Loan', '2023-04-26 10:19:28', '[{"budget_name":"Ngân sách tỉnh","mount":28000000.0000, "errorMsg": "", "errorMount": ""},{"budget_name":"Ngân sách huyện","mount":12000000.0000, "errorMsg": "", "errorMount": ""}]'),
('b093ae4a-88e2-4ab1-9eb2-af457d8e2bf5', 'TS98427', 'Dell Vostro', NULL, NULL, NULL, '142cb08f-7c31-21fa-8e90-67245e8b283e', 'D009', 'Phòng Đào Tạo', '78aafe4a-67a7-2076-3bf3-eb0223d0a4f7', 'FAT007', 'Máy tính xách tay', '2013-04-16 03:00:36', 65000000, 5, 4, 2637709, '2018-07-15 00:00:00', 25, 2023, 1, 'Mai Minh Giang', '2023-04-04 08:48:18', 'Bùi Ngọc Thái', '2023-04-23 16:24:23', '[{"budget_name":"Ngân sách tỉnh","mount":45500000.0000, "errorMsg": "", "errorMount": ""},{"budget_name":"Ngân sách huyện","mount":19500000.0000, "errorMsg": "", "errorMount": ""}]'),
('b232ac76-b3f9-463f-a743-8c9985031717', 'TS98360', 'Dell Inspiron 55935', NULL, NULL, NULL, '17120d02-6ab5-3e43-18cb-66948daf6128', 'D007', 'Phòng Nội trú', '3f8e6896-4c7d-15f5-a018-75d8bd200d7c', 'AFT003', 'Máy tính cá nhân', '2020-03-28 00:00:00', 40000000, 10, 10, 4000000, '2020-03-28 00:00:00', 10, 2023, 0, 'Nguyễn Minh Hoàng', '2023-03-28 09:14:27', 'Nguyễn Diễm Thuận', '2023-03-28 09:14:27', '[{"budget_name":"Ngân sách tỉnh","mount":28000000.0000, "errorMsg": "", "errorMount": ""},{"budget_name":"Ngân sách huyện","mount":12000000.0000, "errorMsg": "", "errorMount": ""}]'),
('b27c292e-518b-4915-a35f-15f89a13cbef', 'TS-98380', 'iphone', NULL, NULL, NULL, '142cb08f-7c31-21fa-8e90-67245e8b283e', 'D009', 'Phòng Đào Tạo\r\n', '3f8e6896-4c7d-15f5-a018-75d8bd200d7c', 'AFT003', 'Máy tính cá nhân', '2023-03-30 00:00:00', 100000, 3, 10, 10000, '2023-03-30 00:00:00', 10, 0, 0, NULL, '2023-03-30 10:48:41', NULL, '2023-03-30 10:48:41', '[{"budget_name":"Ngân sách tỉnh","mount":70000.0000, "errorMsg": "", "errorMount": ""},{"budget_name":"Ngân sách huyện","mount":30000.0000, "errorMsg": "", "errorMount": ""}]'),
('b2e8929f-192d-4edb-a02b-de424346b992', 'TS98361', 'Dell Vostro', NULL, NULL, NULL, '11452b0c-768e-5ff7-0d63-eeb1d8ed8cef', 'D003', 'Phòng Hội trường lớn', '3f8e6896-4c7d-15f5-a018-75d8bd200d7c', 'AFT003', 'Máy tính cá nhân', '2020-03-28 00:00:00', 1565430, 1, 10, 156543, '2020-03-28 00:00:00', 10, 2023, 0, 'string', '2023-03-28 09:14:37', 'string', '2023-03-28 09:14:37', '[{"budget_name":"Ngân sách tỉnh","mount":1095801.0000, "errorMsg": "", "errorMount": ""},{"budget_name":"Ngân sách huyện","mount":469629.0000, "errorMsg": "", "errorMount": ""}]'),
('b3f28c82-aee0-4e2f-90c5-d8c4cab9f6be', 'TS98370', 'Dell Inspiron 55935', NULL, NULL, NULL, '17120d02-6ab5-3e43-18cb-66948daf6128', 'D007', 'Phòng Nội trú', '3f8e6896-4c7d-15f5-a018-75d8bd200d7c', 'AFT003', 'Máy tính cá nhân', '2020-03-28 00:00:00', 40000000, 10, 10, 4000000, '2020-03-28 00:00:00', 10, 2023, 0, 'Nguyễn Minh Hoàng', '2023-03-28 09:17:01', 'Nguyễn Diễm Thuận', '2023-03-28 09:17:01', '[{"budget_name":"Ngân sách tỉnh","mount":28000000.0000, "errorMsg": "", "errorMount": ""},{"budget_name":"Ngân sách huyện","mount":12000000.0000, "errorMsg": "", "errorMount": ""}]'),
('b4067429-0a38-48ba-acf8-fcb4cd823d63', 'TS98493', 'Dell Vostro', NULL, NULL, NULL, '11452b0c-768e-5ff7-0d63-eeb1d8ed8cef', 'D003', 'Phòng Hội trường lớn', '3f8e6896-4c7d-15f5-a018-75d8bd200d7c', 'AFT003', 'Máy tính cá nhân', '2020-03-28 00:00:00', 1565430, 1, 10, 156543, '2020-03-28 00:00:00', 10, 2023, 1, 'string', '2023-04-12 10:11:21', 'string', '2023-04-12 10:51:30', '[{"budget_name":"Ngân sách tỉnh","mount":1095801.0000, "errorMsg": "", "errorMount": ""},{"budget_name":"Ngân sách huyện","mount":469629.0000, "errorMsg": "", "errorMount": ""}]'),
('b406b645-4a1e-4c12-b1b7-cca8cff86de4', 'TS98364', 'Dell Vostro', NULL, NULL, NULL, '11452b0c-768e-5ff7-0d63-eeb1d8ed8cef', 'D003', 'Phòng Hội trường lớn', '3f8e6896-4c7d-15f5-a018-75d8bd200d7c', 'AFT003', 'Máy tính cá nhân', '2020-03-28 00:00:00', 34000000, 4, 10, 3400000, '2020-03-28 00:00:00', 10, 2023, 0, 'string', '2023-03-28 09:15:01', 'string', '2023-03-28 20:53:57', '[{"budget_name":"Ngân sách tỉnh","mount":23800000.0000, "errorMsg": "", "errorMount": ""},{"budget_name":"Ngân sách huyện","mount":10200000.0000, "errorMsg": "", "errorMount": ""}]'),
('b543a19b-7dd8-43d7-8b6d-c51babb239ec', 'TS98444', 'Iphone 15', NULL, NULL, NULL, '11452b0c-768e-5ff7-0d63-eeb1d8ed8cef', 'D003', 'Phòng Hội trường lớn', '35e773ea-5d44-2dda-26a8-6d513e380bde', 'AFT001', 'Máy tính để bàn', '2021-03-28 00:00:00', 17000000, 3, 10, 1000000, '2021-03-28 00:00:00', 10, 0, 1, NULL, '2023-04-04 08:59:51', NULL, '2023-05-03 16:04:31', '[{"budget_name":"Ngân sách tỉnh","mount":11900000.0000, "errorMsg": "", "errorMount": ""},{"budget_name":"Ngân sách huyện","mount":5100000.0000, "errorMsg": "", "errorMount": ""}]'),
('b55a63ff-138b-4801-b83b-d5079bfb8ea2', 'TS98344', 'Dell Vostro', NULL, NULL, NULL, '4e272fc4-7875-78d6-7d32-6a1673ffca7c', 'D005', 'Phòng Công nghệ thông tin', '75cce5a6-4f7f-3671-3cf3-eb0223d0a4f7', 'FAT005', 'Máy tính bảng', '2023-03-28 00:00:00', 59950767, 12, 5.26, 2997538, '2023-03-28 00:00:00', 19, 2023, 0, 'Nguyễn Thị Lệ', '2023-03-28 09:11:21', 'Lê Diễm Tuấn', '2023-03-28 09:11:21', '[{"budget_name":"Ngân sách tỉnh","mount":41965536.9000, "errorMsg": "", "errorMount": ""},{"budget_name":"Ngân sách huyện","mount":17985230.1000, "errorMsg": "", "errorMount": ""}]'),
('b5fe28a5-fe36-40e6-858b-4b479cf9003d', 'TS98314', 'Dell Alie', NULL, NULL, NULL, '142cb08f-7c31-21fa-8e90-67245e8b283e', 'D009', 'Phòng Đào Tạo', '45ac3d26-18f2-18a9-3031-644313fbb055', 'FAT006', 'Máy tính lượng tử', '2012-12-31 17:00:00', 20000000, 4, 10, 758670, '2013-11-30 17:00:00', 10, 2023, 1, 'Nguyễn Tuấn Cường', '2023-03-23 11:36:44', 'Nguyễn Việt Anh', '2023-04-23 15:29:36', '[{"budget_name":"Ngân sách tỉnh","mount":14000000.0000, "errorMsg": "", "errorMount": ""},{"budget_name":"Ngân sách huyện","mount":6000000.0000, "errorMsg": "", "errorMount": ""}]'),
('b89d7197-f7ef-4245-b1ea-ce6d430a5553', 'TS98453', 'Dell Vostro 358', NULL, NULL, NULL, '142cb08f-7c31-21fa-8e90-67245e8b283e', 'D009', 'Phòng Đào Tạo', '78aafe4a-67a7-2076-3bf3-eb0223d0a4f7', 'FAT007', 'Máy tính xách tay', '2002-03-05 10:02:51', 78507252, 44, 11.11, 8635797, '2018-12-03 00:00:00', 9, 2023, 1, 'Nguyễn Văn Ly', '2023-04-04 10:13:31', 'Nguyễn Minh Hương', '2023-04-04 14:45:09', '[{"budget_name":"Ngân sách tỉnh","mount":54955076.4000, "errorMsg": "", "errorMount": ""},{"budget_name":"Ngân sách huyện","mount":23552175.6000, "errorMsg": "", "errorMount": ""}]'),
('b95533c8-508f-4bca-86bc-a1fd0e2d1369', 'TS98515', 'iphone', NULL, NULL, NULL, '17120d02-6ab5-3e43-18cb-66948daf6128', 'D007', 'Phòng Nội trú\r\n', '45ac3d26-18f2-18a9-3031-644313fbb055', 'AFT006', 'Máy tính lượng tử\r\n', '2023-04-12 00:00:00', 2000000, 1, 10, 200000, '2023-04-12 00:00:00', 10, 2023, 0, NULL, '2023-04-12 17:02:30', NULL, '2023-04-12 17:02:30', '[{"budget_name":"Ngân sách tỉnh","mount":1400000.0000, "errorMsg": "", "errorMount": ""},{"budget_name":"Ngân sách huyện","mount":600000.0000, "errorMsg": "", "errorMount": ""}]'),
('b96b662d-0262-439e-a308-4c8bce97fbc6', 'TS98497', 'Ipad Gen9', NULL, NULL, NULL, '768f8e64-7d10-20c9-967d-e8c757976496', 'D004', 'Phòng Kế toán- Văn thư', '3f8e6896-4c7d-15f5-a018-75d8bd200d7c', 'FAT003', 'Máy tính cá nhân', '2020-04-01 00:00:00', 66274555, 4, 4.55, 2650982, '2020-04-01 00:00:00', 22, 2023, 1, 'Nguyễn Diễm Hân', '2023-04-12 10:37:46', 'Trân Minh Loan', '2023-04-12 10:37:46', '[{"budget_name":"Ngân sách tỉnh","mount":46392188.5000, "errorMsg": "", "errorMount": ""},{"budget_name":"Ngân sách huyện","mount":19882366.5000, "errorMsg": "", "errorMount": ""}]'),
('b9baaac2-8a31-463f-a703-3d697d0883eb', 'TS98443', 'Macbook', NULL, NULL, NULL, '142cb08f-7c31-21fa-8e90-67245e8b283e', 'D009', 'Phòng Đào Tạo\r\n', '3f8e6896-4c7d-15f5-a018-75d8bd200d7c', 'AFT003', 'Máy tính cá nhân', '2013-03-22 00:00:00', 30000000, 4, 8.33, 1551216, '2013-03-28 00:00:00', 12, 2023, 1, NULL, '2023-04-04 08:59:37', NULL, '2023-04-23 15:34:02', '[{"budget_name":"Ngân sách tỉnh","mount":21000000.0000, "errorMsg": "", "errorMount": ""},{"budget_name":"Ngân sách huyện","mount":9000000.0000, "errorMsg": "", "errorMount": ""}]'),
('ba255983-ce10-4e98-b390-1e9db8894405', 'TS98389', 'Iphone 13 PRM', NULL, NULL, NULL, '11452b0c-768e-5ff7-0d63-eeb1d8ed8cef', 'D003', 'Phòng Hội trường lớn', '3f8e6896-4c7d-15f5-a018-75d8bd200d7c', 'AFT003', 'Máy tính cá nhân', '2022-04-01 00:00:00', 23000000, 3, 7.69, 1610000, '2022-04-01 00:00:00', 13, 2023, 0, NULL, '2023-04-01 09:45:22', NULL, '2023-04-01 09:45:22', '[{"budget_name":"Ngân sách tỉnh","mount":16100000.0000, "errorMsg": "", "errorMount": ""},{"budget_name":"Ngân sách huyện","mount":6900000.0000, "errorMsg": "", "errorMount": ""}]'),
('bbb3a6f4-a30c-446a-a72b-c29b26a6ae52', 'TS98351', 'Dell Inspiron 55935', NULL, NULL, NULL, '17120d02-6ab5-3e43-18cb-66948daf6128', 'D007', 'Phòng Nội trú', '3f8e6896-4c7d-15f5-a018-75d8bd200d7c', 'AFT003', 'Máy tính cá nhân', '2023-03-28 00:00:00', 40000000, 10, 10, 4000000, '2023-03-28 00:00:00', 10, 2023, 0, 'Nguyễn Minh Hoàng', '2023-03-28 09:12:35', 'Nguyễn Diễm Thuận', '2023-03-28 09:12:35', '[{"budget_name":"Ngân sách tỉnh","mount":28000000.0000, "errorMsg": "", "errorMount": ""},{"budget_name":"Ngân sách huyện","mount":12000000.0000, "errorMsg": "", "errorMount": ""}]'),
('bd4bf7be-816d-4f97-b772-7cdc69b51bc1', 'TS98300', 'Acer', NULL, NULL, NULL, '142cb08f-7c31-21fa-8e90-67245e8b283e', 'D009', 'Phòng Đào Tạo\r\n', '35e773ea-5d44-2dda-26a8-6d513e380bde', 'AFT001', 'Máy tính để bàn', '2016-03-15 00:00:00', 30000000, 3, 10, 3000000, '2016-03-13 00:00:00', 10, 2023, 0, NULL, '2023-03-16 09:03:44', NULL, '2023-03-26 15:49:06', '[{"budget_name":"Ngân sách tỉnh","mount":21000000.0000, "errorMsg": "", "errorMount": ""},{"budget_name":"Ngân sách huyện","mount":9000000.0000, "errorMsg": "", "errorMount": ""}]'),
('c1ae9999-23f3-4bb9-99df-86546a04609e', 'TS98376', 'Iphone 13 PRM', NULL, NULL, NULL, '11452b0c-768e-5ff7-0d63-eeb1d8ed8cef', 'D003', 'Phòng Hội trường lớn', '3f8e6896-4c7d-15f5-a018-75d8bd200d7c', 'AFT003', 'Máy tính cá nhân', '2023-03-28 00:00:00', 2300000, 3, 7.69, 161000, '2023-03-25 00:00:00', 13, 2023, 0, NULL, '2023-03-28 20:38:15', NULL, '2023-03-28 20:54:21', '[{"budget_name":"Ngân sách tỉnh","mount":1610000.0000, "errorMsg": "", "errorMount": ""},{"budget_name":"Ngân sách huyện","mount":690000.0000, "errorMsg": "", "errorMount": ""}]'),
('c353557b-ff06-403d-8741-80793f6b1f78', 'TS98336', 'Iphone 13 PRM', NULL, NULL, NULL, '11452b0c-768e-5ff7-0d63-eeb1d8ed8cef', 'D003', 'Phòng Hội trường lớn', '3f8e6896-4c7d-15f5-a018-75d8bd200d7c', 'AFT003', 'Máy tính cá nhân', '2023-03-28 00:00:00', 23000000, 3, 7.69, 1610000, '2023-03-28 00:00:00', 13, 2023, 0, NULL, '2023-03-28 08:58:40', NULL, '2023-03-28 08:58:40', '[{"budget_name":"Ngân sách tỉnh","mount":16100000.0000, "errorMsg": "", "errorMount": ""},{"budget_name":"Ngân sách huyện","mount":6900000.0000, "errorMsg": "", "errorMount": ""}]'),
('c3b608d4-84aa-4a71-882f-54c5e56b2ccb', 'TS98328', 'iphone 12', NULL, NULL, NULL, '11452b0c-768e-5ff7-0d63-eeb1d8ed8cef', 'D003', 'Phòng Hội trường lớn', '45ac3d26-18f2-18a9-3031-644313fbb055', 'AFT006', 'Máy tính lượng tử\r\n', '2022-03-24 00:00:00', 10000000, 3, 10, 1000000, '2022-03-24 00:00:00', 10, 2023, 0, NULL, '2023-03-24 10:27:59', NULL, '2023-03-26 12:56:28', '[{"budget_name":"Ngân sách tỉnh","mount":7000000.0000, "errorMsg": "", "errorMount": ""},{"budget_name":"Ngân sách huyện","mount":3000000.0000, "errorMsg": "", "errorMount": ""}]'),
('c683cd4b-5f5b-4128-a6f3-87493aa3d20d', 'TS98385', 'Macbook', NULL, NULL, NULL, '142cb08f-7c31-21fa-8e90-67245e8b283e', 'D009', 'Phòng Đào Tạo\r\n', '3f8e6896-4c7d-15f5-a018-75d8bd200d7c', 'AFT003', 'Máy tính cá nhân', '2021-04-01 00:00:00', 40000000, 4, 8.33, 1551216, '2021-04-01 00:00:00', 12, 2023, 1, NULL, '2023-04-01 09:42:14', NULL, '2023-04-25 14:13:31', '[{"budget_name":"Ngân sách tỉnh","mount":28000000.0000, "errorMsg": "", "errorMount": ""},{"budget_name":"Ngân sách huyện","mount":12000000.0000, "errorMsg": "", "errorMount": ""}]'),
('c74b5ec0-f5d9-46a3-b096-d6c644fcedc4', 'TS98349', 'Dell XPS 15', NULL, NULL, NULL, '4577565a-7e3e-493a-74dd-867949feb8b5', 'D001', 'Phòng Giám đốc', '75cce5a6-4f7f-3671-3cf3-eb0223d0a4f7', 'FAT005', 'Máy tính bảng', '2023-03-28 00:00:00', 31117357, 3, 4.35, 1244694, '2023-03-28 00:00:00', 23, 2023, 0, 'Nguyễn Việt Lệ', '2023-03-28 09:12:23', 'Nguyễn Việt Loan', '2023-03-28 09:12:23', '[{"budget_name":"Ngân sách tỉnh","mount":21782149.9000, "errorMsg": "", "errorMount": ""},{"budget_name":"Ngân sách huyện","mount":9335207.1000, "errorMsg": "", "errorMount": ""}]'),
('c9f05cf1-2b28-4b7f-9d10-0cb96035bce6', 'TS98403', 'Dell XPS 15', NULL, NULL, NULL, '17120d02-6ab5-3e43-18cb-66948daf6128', 'D007', 'Phòng Nội trú', '35e773ea-5d44-2dda-26a8-6d513e380bde', 'FAT001', 'Máy tính để bàn', '2020-04-01 00:00:00', 35000000, 9, 10, 3500000, '2020-04-01 00:00:00', 10, 2023, 0, 'Nguyễn Thị Hường', '2023-04-01 10:57:30', 'Nguyễn Việt Ly', '2023-04-01 10:57:30', '[{"budget_name":"Ngân sách tỉnh","mount":24500000.0000, "errorMsg": "", "errorMount": ""},{"budget_name":"Ngân sách huyện","mount":10500000.0000, "errorMsg": "", "errorMount": ""}]'),
('cbbc6348-0d40-40c2-b5c6-25406b9cfbb8', 'TS98416', 'Dell XPS\r\n', NULL, NULL, NULL, '4577565a-7e3e-493a-74dd-867949feb8b5', 'D001', 'Phòng Giám đốc', '647a538e-630d-39cd-0144-e5a214c15aa7', 'FAT002', 'Máy tính mini', '2008-07-22 10:44:45', 55727971, 14, 6.25, 3343678, '2016-06-10 00:00:00', 16, 2023, 0, 'Võ Việt Hoa', '2023-04-04 08:43:19', 'Nguyễn Thái Loan', '2023-04-04 08:43:19', '[{"budget_name":"Ngân sách tỉnh","mount":39009579.7000, "errorMsg": "", "errorMount": ""},{"budget_name":"Ngân sách huyện","mount":16718391.3000, "errorMsg": "", "errorMount": ""}]'),
('cc7c1329-7274-4067-baf4-52f00411175c', 'TS98408', 'Ipad Gen9', NULL, NULL, NULL, '768f8e64-7d10-20c9-967d-e8c757976496', 'D004', 'Phòng Kế toán- Văn thư', '3f8e6896-4c7d-15f5-a018-75d8bd200d7c', 'FAT003', 'Máy tính cá nhân', '2020-04-01 00:00:00', 66274555, 4, 4.55, 2650982, '2020-04-01 00:00:00', 22, 2023, 0, 'Nguyễn Diễm Hân', '2023-04-04 08:42:06', 'Trân Minh Loan', '2023-04-04 08:42:06', '[{"budget_name":"Ngân sách tỉnh","mount":46392188.5000, "errorMsg": "", "errorMount": ""},{"budget_name":"Ngân sách huyện","mount":19882366.5000, "errorMsg": "", "errorMount": ""}]'),
('cc88fc3b-6a04-4d14-922d-da198b7e53c7', 'TS98387', 'Dell XPS\r\n', NULL, NULL, NULL, '11452b0c-768e-5ff7-0d63-eeb1d8ed8cef', 'D003', 'Phòng Hội trường lớn', '78aafe4a-67a7-2076-3bf3-eb0223d0a4f7', 'FAT007', 'Máy tính xách tay', '2020-04-01 00:00:00', 3260884, 6, 5, 163044, '2020-04-01 00:00:00', 20, 2023, 0, 'Nông Thị Tuấn', '2023-04-01 09:44:44', 'Nguyễn Minh Mạnh', '2023-04-01 09:44:44', '[{"budget_name":"Ngân sách tỉnh","mount":2282618.8000, "errorMsg": "", "errorMount": ""},{"budget_name":"Ngân sách huyện","mount":978265.2000, "errorMsg": "", "errorMount": ""}]'),
('cd50a997-6557-4739-ae14-61b405162b8f', 'TS98467', 'Dell Vostro 358', NULL, NULL, NULL, '142cb08f-7c31-21fa-8e90-67245e8b283e', 'D009', 'Phòng Đào Tạo', '78aafe4a-67a7-2076-3bf3-eb0223d0a4f7', 'FAT007', 'Máy tính xách tay', '2010-03-05 00:00:00', 53000000, 44, 11.11, 5830000, '2018-12-03 00:00:00', 9, 2023, 1, 'Nguyễn Văn Ly', '2023-04-09 16:25:57', 'Nguyễn Minh Hương', '2023-04-22 22:55:16', '[{"budget_name":"Ngân sách tỉnh","mount":37100000.0000, "errorMsg": "", "errorMount": ""},{"budget_name":"Ngân sách huyện","mount":15900000.0000, "errorMsg": "", "errorMount": ""}]'),
('cd63e9c3-cc27-45b9-9a8b-d4fd35a727c5', 'TS98472', 'Dell 5505', NULL, NULL, NULL, '17120d02-6ab5-3e43-18cb-66948daf6128', 'D007', 'Phòng Nội trú\r\n', '45ac3d26-18f2-18a9-3031-644313fbb055', 'AFT006', 'Máy tính lượng tử\r\n', '2023-04-09 00:00:00', 100000000, 1, 10, 10000000, '2023-04-09 00:00:00', 10, 2023, 0, NULL, '2023-04-10 15:09:43', NULL, '2023-04-10 15:09:43', '[{"budget_name":"Ngân sách tỉnh","mount":70000000.0000, "errorMsg": "", "errorMount": ""},{"budget_name":"Ngân sách huyện","mount":30000000.0000, "errorMsg": "", "errorMount": ""}]'),
('ce66f32d-5b1d-4903-9b7e-a2379723cd42', 'TS98474', 'Dell Vostro', NULL, NULL, NULL, '11452b0c-768e-5ff7-0d63-eeb1d8ed8cef', 'D003', 'Phòng Hội trường lớn', '3f8e6896-4c7d-15f5-a018-75d8bd200d7c', 'AFT003', 'Máy tính cá nhân', '2020-03-28 00:00:00', 1565430, 1, 10, 156543, '2020-03-28 00:00:00', 10, 2023, 1, 'string', '2023-04-11 20:37:08', 'string', '2023-04-11 20:37:08', '[{"budget_name":"Ngân sách tỉnh","mount":1095801.0000, "errorMsg": "", "errorMount": ""},{"budget_name":"Ngân sách huyện","mount":469629.0000, "errorMsg": "", "errorMount": ""}]'),
('cf5c6b29-fbda-43fb-9f86-6a1178fa5c76', 'TS98321', 'iphone 78', NULL, NULL, NULL, '11452b0c-768e-5ff7-0d63-eeb1d8ed8cef', 'D003', 'Phòng Hội trường lớn', '3f8e6896-4c7d-15f5-a018-75d8bd200d7c', 'AFT003', 'Máy tính cá nhân', '2023-03-24 00:00:00', 10000000, 2, 10, 1000000, '2023-03-24 00:00:00', 10, 2023, 0, NULL, '2023-03-23 14:51:59', NULL, '2023-03-24 10:25:38', '[{"budget_name":"Ngân sách tỉnh","mount":7000000.0000, "errorMsg": "", "errorMount": ""},{"budget_name":"Ngân sách huyện","mount":3000000.0000, "errorMsg": "", "errorMount": ""}]'),
('cf9f5a80-0f0f-40b1-9484-025cceb2ea2b', 'TS98399', 'Ipad Gen9', NULL, NULL, NULL, '768f8e64-7d10-20c9-967d-e8c757976496', 'D004', 'Phòng Kế toán- Văn thư', '3f8e6896-4c7d-15f5-a018-75d8bd200d7c', 'FAT003', 'Máy tính cá nhân', '2020-04-01 00:00:00', 66274555, 4, 4.55, 2650982, '2020-04-01 00:00:00', 22, 2023, 0, 'Nguyễn Diễm Hân', '2023-04-01 10:54:40', 'Trân Minh Loan', '2023-04-01 10:54:40', '[{"budget_name":"Ngân sách tỉnh","mount":46392188.5000, "errorMsg": "", "errorMount": ""},{"budget_name":"Ngân sách huyện","mount":19882366.5000, "errorMsg": "", "errorMount": ""}]'),
('d046883b-4ed5-45cf-81d3-fc867a3f1284', 'TS98492', 'technosoft building', NULL, NULL, NULL, '142cb08f-7c31-21fa-8e90-67245e8b283e', 'D009', 'Phòng Đào Tạo', '45ac3d26-18f2-18a9-3031-644313fbb055', 'FAT006', 'Máy tính lượng tử', '2022-03-26 00:00:00', 9700001, 99, 1.25, 97000, '2022-03-26 00:00:00', 80, 2023, 1, 'Nguyễn Thị Hân', '2023-04-11 20:56:50', 'Nguyễn Minh Cường', '2023-04-12 17:09:21', '[{"budget_name":"Ngân sách tỉnh","mount":6790000.7000, "errorMsg": "", "errorMount": ""},{"budget_name":"Ngân sách huyện","mount":2910000.3000, "errorMsg": "", "errorMount": ""}]'),
('d25be777-4ab5-4ddc-9be0-d98f15576be9', 'TS98489', 'Dell XPS 15', NULL, NULL, NULL, '17120d02-6ab5-3e43-18cb-66948daf6128', 'D007', 'Phòng Nội trú', '35e773ea-5d44-2dda-26a8-6d513e380bde', 'FAT001', 'Máy tính để bàn', '2020-04-01 00:00:00', 35000000, 9, 10, 3500000, '2020-04-01 00:00:00', 10, 2023, 0, 'Nguyễn Thị Hường', '2023-04-11 20:56:08', 'Nguyễn Việt Ly', '2023-04-11 20:56:08', '[{"budget_name":"Ngân sách tỉnh","mount":24500000.0000, "errorMsg": "", "errorMount": ""},{"budget_name":"Ngân sách huyện","mount":10500000.0000, "errorMsg": "", "errorMount": ""}]'),
('d2722454-8ab7-47b1-a450-5c29e5111573', 'TS98380', 'iphone', NULL, NULL, NULL, '11452b0c-768e-5ff7-0d63-eeb1d8ed8cef', 'D003', 'Phòng Hội trường lớn', '35e773ea-5d44-2dda-26a8-6d513e380bde', 'AFT001', 'Máy tính để bàn', '2023-03-30 00:00:00', 100000, 2, 10, 10000, '2023-03-30 00:00:00', 10, 2023, 0, NULL, '2023-03-30 10:53:14', NULL, '2023-03-30 10:53:14', '[{"budget_name":"Ngân sách tỉnh","mount":70000.0000, "errorMsg": "", "errorMount": ""},{"budget_name":"Ngân sách huyện","mount":30000.0000, "errorMsg": "", "errorMount": ""}]'),
('d613dabd-c82e-4775-a142-c0729b89adb8', 'TS98377', 'Dell Vostro', NULL, NULL, NULL, '17120d02-6ab5-3e43-18cb-66948daf6128', 'D007', 'Phòng Nội trú', '3f8e6896-4c7d-15f5-a018-75d8bd200d7c', 'AFT003', 'Máy tính cá nhân', '2023-03-28 00:00:00', 16017700, 3, 10, 1601770, '2023-03-28 00:00:00', 10, 2023, 0, 'Trịnh Tuấn Minh', '2023-03-28 20:38:26', 'Nguyễn Thị Mai', '2023-03-28 20:38:26', '[{"budget_name":"Ngân sách tỉnh","mount":11212390.0000, "errorMsg": "", "errorMount": ""},{"budget_name":"Ngân sách huyện","mount":4805310.0000, "errorMsg": "", "errorMount": ""}]'),
('d7980cbe-286a-402a-adfb-b19db28341c8', 'TS98404', 'Macbook', NULL, NULL, NULL, '142cb08f-7c31-21fa-8e90-67245e8b283e', 'D009', 'Phòng Đào Tạo\r\n', '3f8e6896-4c7d-15f5-a018-75d8bd200d7c', 'AFT003', 'Máy tính cá nhân', '2020-04-01 00:00:00', 19390202, 4, 8.33, 1551216, '2020-04-01 00:00:00', 12, 2023, 0, NULL, '2023-04-01 10:57:45', NULL, '2023-04-01 10:57:45', '[{"budget_name":"Ngân sách tỉnh","mount":13573141.4000, "errorMsg": "", "errorMount": ""},{"budget_name":"Ngân sách huyện","mount":5817060.6000, "errorMsg": "", "errorMount": ""}]'),
('d7f0f549-c933-4122-b3a5-699cea745cc0', 'TS98425', 'Dell Inspiron 55935', NULL, NULL, NULL, '17120d02-6ab5-3e43-18cb-66948daf6128', 'D007', 'Phòng Nội trú', '647a538e-630d-39cd-0144-e5a214c15aa7', 'FAT002', 'Máy tính mini', '2009-04-10 14:51:50', 9881488, 7, 9.09, 889333, '2018-10-12 00:00:00', 11, 2023, 0, 'Nguyễn Mai Trường', '2023-04-04 08:47:10', 'Võ Minh Hiếu', '2023-04-04 08:47:10', '[{"budget_name":"Ngân sách tỉnh","mount":6917041.6000, "errorMsg": "", "errorMount": ""},{"budget_name":"Ngân sách huyện","mount":2964446.4000, "errorMsg": "", "errorMount": ""}]'),
('d7f16a97-f20c-4835-b001-c5b744ec219b', 'TS98342', 'Ipad Gen9', NULL, NULL, NULL, '768f8e64-7d10-20c9-967d-e8c757976496', 'D004', 'Phòng Kế toán- Văn thư', '3f8e6896-4c7d-15f5-a018-75d8bd200d7c', 'FAT003', 'Máy tính cá nhân', '2023-03-28 00:00:00', 66274555, 448, 4.55, 2650982, '2023-03-28 00:00:00', 22, 2023, 0, 'Nguyễn Diễm Hân', '2023-03-28 09:11:06', 'Trân Minh Loan', '2023-03-28 09:11:06', '[{"budget_name":"Ngân sách tỉnh","mount":46392188.5000, "errorMsg": "", "errorMount": ""},{"budget_name":"Ngân sách huyện","mount":19882366.5000, "errorMsg": "", "errorMount": ""}]'),
('d9668246-def3-448c-ae11-f768f35072e3', 'TS98375', 'Iphone 15', NULL, NULL, NULL, '11452b0c-768e-5ff7-0d63-eeb1d8ed8cef', 'D003', 'Phòng Hội trường lớn', '35e773ea-5d44-2dda-26a8-6d513e380bde', 'AFT001', 'Máy tính để bàn', '2023-03-28 00:00:00', 10000000, 3, 10, 1000000, '2023-03-28 00:00:00', 10, 0, 0, NULL, '2023-03-28 10:54:57', NULL, '2023-03-28 10:54:57', '[{"budget_name":"Ngân sách tỉnh","mount":7000000.0000, "errorMsg": "", "errorMount": ""},{"budget_name":"Ngân sách huyện","mount":3000000.0000, "errorMsg": "", "errorMount": ""}]'),
('d9940206-4b2d-4bf2-803b-6e0f2eda1e17', 'TS98430', 'Iphone  13', NULL, NULL, NULL, '142cb08f-7c31-21fa-8e90-67245e8b283e', 'D009', 'Phòng Đào Tạo\r\n', '3f8e6896-4c7d-15f5-a018-75d8bd200d7c', 'AFT003', 'Máy tính cá nhân', '2013-03-22 00:00:00', 20000000, 2, 10, 2000000, '2014-03-23 00:00:00', 10, 2023, 1, NULL, '2023-04-04 08:50:56', NULL, '2023-04-04 08:50:56', '[{"budget_name":"Ngân sách tỉnh","mount":14000000.0000, "errorMsg": "", "errorMount": ""},{"budget_name":"Ngân sách huyện","mount":6000000.0000, "errorMsg": "", "errorMount": ""}]'),
('d9fbc038-0374-488a-a294-0e59a6f925c5', 'TS98462', 'Acer', NULL, NULL, NULL, '142cb08f-7c31-21fa-8e90-67245e8b283e', 'D009', 'Phòng Đào Tạo\r\n', '35e773ea-5d44-2dda-26a8-6d513e380bde', 'AFT001', 'Máy tính để bàn', '2023-03-15 00:00:00', 30000000, 3, 12.5, 3600000, '2023-03-15 00:00:00', 8, 2023, 1, NULL, '2023-04-09 14:13:03', NULL, '2023-04-09 14:13:03', '[{"budget_name":"Ngân sách tỉnh","mount":21000000.0000, "errorMsg": "", "errorMount": ""},{"budget_name":"Ngân sách huyện","mount":9000000.0000, "errorMsg": "", "errorMount": ""}]'),
('dcb72204-1ac7-4b22-a32e-4292a65ae68e', 'TS98401', 'Dell Alienware 17\r\n', NULL, NULL, NULL, '4e272fc4-7875-78d6-7d32-6a1673ffca7c', 'D005', 'Phòng Công nghệ thông tin', '75cce5a6-4f7f-3671-3cf3-eb0223d0a4f7', 'FAT005', 'Máy tính bảng', '2022-04-01 00:00:00', 5976340, 9, 5, 298817, '2022-04-01 00:00:00', 20, 2023, 0, 'Nguyễn Minh Hiếu', '2023-04-01 10:55:32', 'Nguyễn Văn Lệ', '2023-04-02 22:30:20', '[{"budget_name":"Ngân sách tỉnh","mount":4183438.0000, "errorMsg": "", "errorMount": ""},{"budget_name":"Ngân sách huyện","mount":1792902.0000, "errorMsg": "", "errorMount": ""}]'),
('def673cb-88bd-41d1-8cd8-cf33c025214d', 'TS98341', 'Dell Inspiron 55935', NULL, NULL, NULL, '17120d02-6ab5-3e43-18cb-66948daf6128', 'D007', 'Phòng Nội trú', '35e773ea-5d44-2dda-26a8-6d513e380bde', 'FAT001', 'Máy tính để bàn', '2023-03-28 00:00:00', 69468320, 12, 6.25, 4168099, '2023-03-28 00:00:00', 16, 2023, 0, 'Nguyễn Thị Loan', '2023-03-28 09:11:04', 'Nguyễn Văn Thuận', '2023-03-28 09:11:04', '[{"budget_name":"Ngân sách tỉnh","mount":48627824.0000, "errorMsg": "", "errorMount": ""},{"budget_name":"Ngân sách huyện","mount":20840496.0000, "errorMsg": "", "errorMount": ""}]'),
('e0c13515-a182-4d15-96ed-8dd6adcf4032', 'TS98397', 'Dell Inspiron 55935', NULL, NULL, NULL, '17120d02-6ab5-3e43-18cb-66948daf6128', 'D007', 'Phòng Nội trú', '3f8e6896-4c7d-15f5-a018-75d8bd200d7c', 'AFT003', 'Máy tính cá nhân', '2020-04-01 00:00:00', 40000000, 10, 10, 4000000, '2020-04-01 00:00:00', 10, 2023, 0, 'Nguyễn Minh Hoàng', '2023-04-01 10:52:52', 'Nguyễn Diễm Thuận', '2023-04-01 10:56:38', '[{"budget_name":"Ngân sách tỉnh","mount":28000000.0000, "errorMsg": "", "errorMount": ""},{"budget_name":"Ngân sách huyện","mount":12000000.0000, "errorMsg": "", "errorMount": ""}]'),
('e11f0dbe-669e-4741-a320-4f0029af03b7', 'TS98405', 'Asus', NULL, NULL, NULL, '11452b0c-768e-5ff7-0d63-eeb1d8ed8cef', 'D003', 'Phòng Hội trường lớn', '3f8e6896-4c7d-15f5-a018-75d8bd200d7c', 'AFT003', 'Máy tính cá nhân', '2020-04-02 00:00:00', 20000000, 2, 10, 2000000, '2020-04-02 00:00:00', 10, 2023, 0, NULL, '2023-04-02 22:30:11', NULL, '2023-04-02 22:30:11', '[{"budget_name":"Ngân sách tỉnh","mount":14000000.0000, "errorMsg": "", "errorMount": ""},{"budget_name":"Ngân sách huyện","mount":6000000.0000, "errorMsg": "", "errorMount": ""}]'),
('e264e5ff-1889-4ebe-8143-8cd0f52edb70', 'TS98396', 'Dell Inspiron 55935', NULL, NULL, NULL, '17120d02-6ab5-3e43-18cb-66948daf6128', 'D007', 'Phòng Nội trú', '3f8e6896-4c7d-15f5-a018-75d8bd200d7c', 'AFT003', 'Máy tính cá nhân', '2020-04-01 00:00:00', 35000000, 10, 10, 3500000, '2020-04-04 00:00:00', 10, 2023, 0, 'Nguyễn Minh Hoàng', '2023-04-01 10:52:32', 'Nguyễn Diễm Thuận', '2023-04-01 10:56:59', '[{"budget_name":"Ngân sách tỉnh","mount":24500000.0000, "errorMsg": "", "errorMount": ""},{"budget_name":"Ngân sách huyện","mount":10500000.0000, "errorMsg": "", "errorMount": ""}]'),
('e2a10e97-173a-485e-a18b-e3e330aced60', 'TS98475', 'Dell Vostro', NULL, NULL, NULL, '11452b0c-768e-5ff7-0d63-eeb1d8ed8cef', 'D003', 'Phòng Hội trường lớn', '3f8e6896-4c7d-15f5-a018-75d8bd200d7c', 'AFT003', 'Máy tính cá nhân', '2020-03-28 00:00:00', 1565430, 1, 10, 156543, '2020-03-28 00:00:00', 10, 2023, 1, 'string', '2023-04-11 20:39:47', 'string', '2023-04-11 20:39:47', '[{"budget_name":"Ngân sách tỉnh","mount":1095801.0000, "errorMsg": "", "errorMount": ""},{"budget_name":"Ngân sách huyện","mount":469629.0000, "errorMsg": "", "errorMount": ""}]'),
('e2d37f7d-25ee-4796-bc1c-22f8a5476653', 'TS98390', 'Dell Inspiron 55935', NULL, NULL, NULL, '17120d02-6ab5-3e43-18cb-66948daf6128', 'D007', 'Phòng Nội trú', '3f8e6896-4c7d-15f5-a018-75d8bd200d7c', 'AFT003', 'Máy tính cá nhân', '2021-04-01 00:00:00', 35000000, 10, 10, 3500000, '2021-04-01 00:00:00', 10, 2023, 0, 'Nguyễn Minh Hoàng', '2023-04-01 09:46:46', 'Nguyễn Diễm Thuận', '2023-04-01 09:46:46', '[{"budget_name":"Ngân sách tỉnh","mount":24500000.0000, "errorMsg": "", "errorMount": ""},{"budget_name":"Ngân sách huyện","mount":10500000.0000, "errorMsg": "", "errorMount": ""}]'),
('e45a1796-5815-44ca-82fb-14979965bdf9', 'TS98413', 'Dell Alienware 17\r\n', NULL, NULL, NULL, '4e272fc4-7875-78d6-7d32-6a1673ffca7c', 'D005', 'Phòng Công nghệ thông tin', '75cce5a6-4f7f-3671-3cf3-eb0223d0a4f7', 'FAT005', 'Máy tính bảng', '2004-01-02 18:01:33', 5976340, 3, 5, 298817, '2016-08-30 00:00:00', 20, 2023, 0, 'Nguyễn Minh Hiếu', '2023-04-04 08:42:40', 'Nguyễn Văn Lệ', '2023-04-04 08:42:40', '[{"budget_name":"Ngân sách tỉnh","mount":4183438.0000, "errorMsg": "", "errorMount": ""},{"budget_name":"Ngân sách huyện","mount":1792902.0000, "errorMsg": "", "errorMount": ""}]'),
('e5d228fd-4590-4f13-9661-e627c974e37c', 'TS98433', 'Dell XPS\r\n', NULL, NULL, NULL, '4577565a-7e3e-493a-74dd-867949feb8b5', 'D001', 'Phòng Giám đốc', '647a538e-630d-39cd-0144-e5a214c15aa7', 'FAT002', 'Máy tính mini', '2008-07-22 10:44:45', 60000000, 1, 6.25, 3343678, '2016-06-10 00:00:00', 16, 2023, 1, 'Võ Việt Hoa', '2023-04-04 08:52:42', 'Nguyễn Thái Loan', '2023-04-25 14:13:12', '[{"budget_name":"Ngân sách tỉnh","mount":42000000.0000, "errorMsg": "", "errorMount": ""},{"budget_name":"Ngân sách huyện","mount":18000000.0000, "errorMsg": "", "errorMount": ""}]'),
('e6b2250c-48f0-4dc4-893d-4b2b7f7e8e69', 'TS98332', 'Dell XPS 15', NULL, NULL, NULL, '4577565a-7e3e-493a-74dd-867949feb8b5', 'D001', 'Phòng Giám đốc', '75cce5a6-4f7f-3671-3cf3-eb0223d0a4f7', 'FAT005', 'Máy tính bảng', '2023-03-26 00:00:00', 31117357, 3, 4.35, 1244694, '2023-03-26 00:00:00', 23, 2023, 0, 'Nguyễn Việt Lệ', '2023-03-26 15:54:47', 'Nguyễn Việt Loan', '2023-03-26 15:54:47', '[{"budget_name":"Ngân sách tỉnh","mount":21782149.9000, "errorMsg": "", "errorMount": ""},{"budget_name":"Ngân sách huyện","mount":9335207.1000, "errorMsg": "", "errorMount": ""}]'),
('e7c7f208-cd74-4683-b022-36ed410e0dcc', 'TS98334', 'Asus', NULL, NULL, NULL, '11452b0c-768e-5ff7-0d63-eeb1d8ed8cef', 'D003', 'Phòng Hội trường lớn', '3f8e6896-4c7d-15f5-a018-75d8bd200d7c', 'AFT003', 'Máy tính cá nhân', '2023-03-26 00:00:00', 20000000, 2, 10, 2000000, '2023-03-26 00:00:00', 10, 2023, 0, NULL, '2023-03-26 23:06:09', NULL, '2023-03-26 23:06:09', '[{"budget_name":"Ngân sách tỉnh","mount":14000000.0000, "errorMsg": "", "errorMount": ""},{"budget_name":"Ngân sách huyện","mount":6000000.0000, "errorMsg": "", "errorMount": ""}]'),
('e8193f8a-733f-4906-8db1-e01037eae266', 'TS98331', 'Dell Vostro', NULL, NULL, NULL, '142cb08f-7c31-21fa-8e90-67245e8b283e', 'D009', 'Phòng Đào Tạo', '78aafe4a-67a7-2076-3bf3-eb0223d0a4f7', 'FAT007', 'Máy tính xách tay', '2021-03-26 00:00:00', 6599776, 540, 4, 263991, '2021-03-26 00:00:00', 25, 2023, 0, 'Mai Minh Giang', '2023-03-26 12:39:13', 'Bùi Ngọc Thái', '2023-03-26 12:39:13', '[{"budget_name":"Ngân sách tỉnh","mount":4619843.2000, "errorMsg": "", "errorMount": ""},{"budget_name":"Ngân sách huyện","mount":1979932.8000, "errorMsg": "", "errorMount": ""}]'),
('e86c783f-81c2-48f9-ac75-381d80ab7da3', 'TS98512', 'Dell XPS 15', NULL, NULL, NULL, '17120d02-6ab5-3e43-18cb-66948daf6128', 'D007', 'Phòng Nội trú', '35e773ea-5d44-2dda-26a8-6d513e380bde', 'FAT001', 'Máy tính để bàn', '2020-04-01 00:00:00', 35000000, 9, 10, 3500000, '2020-04-01 00:00:00', 10, 2023, 1, 'Nguyễn Thị Hường', '2023-04-12 16:54:35', 'Nguyễn Việt Ly', '2023-05-03 16:01:01', '[{"budget_name":"Ngân sách tỉnh","mount":24500000.0000, "errorMsg": "", "errorMount": ""},{"budget_name":"Ngân sách huyện","mount":10500000.0000, "errorMsg": "", "errorMount": ""}]'),
('e9a6dbaa-dc0a-42cd-8e38-ba18cdbd4156', 'TS98432', 'Dell XPS 15', NULL, NULL, NULL, '469b3ece-744a-45d5-957d-e8c757976496', 'D008', 'Phòng Hành chính ', '45ac3d26-18f2-18a9-3031-644313fbb055', 'FAT006', 'Máy tính lượng tử', '2020-03-24 00:00:00', 20000000, 3, 25, 3611111, '2020-03-24 00:00:00', 4, 2023, 1, 'Nguyễn Việt Thuận', '2023-04-04 08:52:36', 'Nông Ngọc Hân', '2023-04-24 22:00:18', '[{"budget_name":"Ngân sách tỉnh","mount":14000000.0000, "errorMsg": "", "errorMount": ""},{"budget_name":"Ngân sách huyện","mount":6000000.0000, "errorMsg": "", "errorMount": ""}]'),
('e9b0a0a3-04f8-4d08-b8ea-de744eb86789', 'TS98480', 'Dell Vostro', NULL, NULL, NULL, '4e272fc4-7875-78d6-7d32-6a1673ffca7c', 'D005', 'Phòng Công nghệ thông tin', '75cce5a6-4f7f-3671-3cf3-eb0223d0a4f7', 'FAT005', 'Máy tính bảng', '2004-09-10 00:00:00', 59950767, 12, 5.26, 2997538, '2018-02-28 00:00:00', 19, 2023, 0, 'Nguyễn Thị Lệ', '2023-04-11 20:42:30', 'Lê Diễm Tuấn', '2023-05-12 21:46:57', '[{"budget_name":"Ngân sách tỉnh","mount":41965536.9000, "errorMsg": "", "errorMount": ""},{"budget_name":"Ngân sách huyện","mount":17985230.1000, "errorMsg": "", "errorMount": ""}]'),
('eb50a98c-f8cd-4f55-b607-36c70b86f8ac', 'TS98294', 'Iphone 13 PRM', NULL, NULL, NULL, '11452b0c-768e-5ff7-0d63-eeb1d8ed8cef', 'D003', 'Phòng Hội trường lớn', '3f8e6896-4c7d-15f5-a018-75d8bd200d7c', 'AFT003', 'Máy tính cá nhân', '2020-02-28 00:00:00', 23000000, 3, 7.69, 1610000, '2020-03-08 00:00:00', 13, 2023, 0, NULL, '2023-03-12 18:22:06', NULL, '2023-03-26 15:54:00', '[{"budget_name":"Ngân sách tỉnh","mount":16100000.0000, "errorMsg": "", "errorMount": ""},{"budget_name":"Ngân sách huyện","mount":6900000.0000, "errorMsg": "", "errorMount": ""}]'),
('ed22cf9a-4c45-48fc-bbf6-aee113130138', 'TS98426', 'Dell Inspiron 3580', NULL, NULL, NULL, '17120d02-6ab5-3e43-18cb-66948daf6128', 'D007', 'Phòng Nội trú', '45ac3d26-18f2-18a9-3031-644313fbb055', 'FAT006', 'Máy tính lượng tử', '2004-08-30 02:15:43', 50000000, 7, 7.69, 6084762, '2017-07-30 00:00:00', 13, 2023, 1, 'Nguyễn Mai Hiếu', '2023-04-04 08:47:33', 'Nguyễn Ngọc Hương', '2023-04-24 20:42:55', '[{"budget_name":"Ngân sách tỉnh","mount":35000000.0000, "errorMsg": "", "errorMount": ""},{"budget_name":"Ngân sách huyện","mount":15000000.0000, "errorMsg": "", "errorMount": ""}]'),
('edb71a90-9733-4112-b499-74a84b6fbf72', 'TS98382', 'Dell Inspiron 55935', NULL, NULL, NULL, '17120d02-6ab5-3e43-18cb-66948daf6128', 'D007', 'Phòng Nội trú', '3f8e6896-4c7d-15f5-a018-75d8bd200d7c', 'AFT003', 'Máy tính cá nhân', '2023-04-01 00:00:00', 40000000, 10, 10, 4000000, '2023-04-01 00:00:00', 10, 2023, 0, 'Nguyễn Minh Hoàng', '2023-04-01 09:41:33', 'Nguyễn Diễm Thuận', '2023-04-01 09:41:33', '[{"budget_name":"Ngân sách tỉnh","mount":28000000.0000, "errorMsg": "", "errorMount": ""},{"budget_name":"Ngân sách huyện","mount":12000000.0000, "errorMsg": "", "errorMount": ""}]'),
('ef286ec7-8608-4c00-b209-8e4c2b6c7969', 'TS98315', 'Dell Alie', NULL, NULL, NULL, '142cb08f-7c31-21fa-8e90-67245e8b283e', 'D009', 'Phòng Đào Tạo\r\n', '3f8e6896-4c7d-15f5-a018-75d8bd200d7c', 'AFT003', 'Máy tính cá nhân', '2023-03-24 00:00:00', 75867025, 4, 10, 7586703, '2023-03-24 00:00:00', 10, 2023, 0, 'Nguyễn Tuấn Cường', '2023-03-23 11:38:23', 'Nguyễn Việt Anh', '2023-03-24 10:11:03', '[{"budget_name":"Ngân sách tỉnh","mount":53106917.5000, "errorMsg": "", "errorMount": ""},{"budget_name":"Ngân sách huyện","mount":22760107.5000, "errorMsg": "", "errorMount": ""}]'),
('ef9c01e6-460d-4d37-a759-565bc0805736', 'TS98378', 'Dell Vostro', NULL, NULL, NULL, '11452b0c-768e-5ff7-0d63-eeb1d8ed8cef', 'D003', 'Phòng Hội trường lớn', '3f8e6896-4c7d-15f5-a018-75d8bd200d7c', 'AFT003', 'Máy tính cá nhân', '2023-03-28 00:00:00', 1565430, 1, 10, 156543, '2023-03-28 00:00:00', 10, 2023, 0, 'string', '2023-03-28 20:44:45', 'string', '2023-03-28 20:54:05', '[{"budget_name":"Ngân sách tỉnh","mount":1095801.0000, "errorMsg": "", "errorMount": ""},{"budget_name":"Ngân sách huyện","mount":469629.0000, "errorMsg": "", "errorMount": ""}]'),
('f00ee8ee-fd83-401a-ae7d-3e3e91420976', 'TS98374', 'Dell Inspiron 55935', NULL, NULL, NULL, '17120d02-6ab5-3e43-18cb-66948daf6128', 'D007', 'Phòng Nội trú', '3f8e6896-4c7d-15f5-a018-75d8bd200d7c', 'AFT003', 'Máy tính cá nhân', '2021-03-28 00:00:00', 35000000, 10, 10, 3500000, '2021-03-28 00:00:00', 10, 2023, 0, 'Nguyễn Minh Hoàng', '2023-03-28 10:46:34', 'Nguyễn Diễm Thuận', '2023-03-28 10:46:34', '[{"budget_name":"Ngân sách tỉnh","mount":24500000.0000, "errorMsg": "", "errorMount": ""},{"budget_name":"Ngân sách huyện","mount":10500000.0000, "errorMsg": "", "errorMount": ""}]'),
('f0109f2d-83f4-4e0e-a6ff-99265e360c77', 'TS98415', 'Dell XPS\r\n', NULL, NULL, NULL, '4577565a-7e3e-493a-74dd-867949feb8b5', 'D001', 'Phòng Giám đốc', '647a538e-630d-39cd-0144-e5a214c15aa7', 'FAT002', 'Máy tính mini', '2008-07-22 10:44:45', 55000000, 14, 6.25, 3343678, '2016-06-10 00:00:00', 16, 2023, 1, 'Võ Việt Hoa', '2023-04-04 08:43:06', 'Nguyễn Thái Loan', '2023-04-24 21:30:28', '[{"budget_name":"Ngân sách tỉnh","mount":38500000.0000, "errorMsg": "", "errorMount": ""},{"budget_name":"Ngân sách huyện","mount":16500000.0000, "errorMsg": "", "errorMount": ""}]'),
('f1a9fec9-5a97-4e79-812b-64cd7936d6bb', 'TS98435', 'Dell latitude 5540', NULL, NULL, NULL, '142cb08f-7c31-21fa-8e90-67245e8b283e', 'D009', 'Phòng Đào Tạo\r\n', '3f8e6896-4c7d-15f5-a018-75d8bd200d7c', 'AFT003', 'Máy tính cá nhân', '2023-02-08 17:00:00', 10000000, 3, 10, 1000000, '2023-02-08 17:00:00', 10, 2023, 0, NULL, '2023-04-04 08:53:30', NULL, '2023-04-04 08:53:30', '[{"budget_name":"Ngân sách tỉnh","mount":7000000.0000, "errorMsg": "", "errorMount": ""},{"budget_name":"Ngân sách huyện","mount":3000000.0000, "errorMsg": "", "errorMount": ""}]'),
('f373084f-5af3-4b93-9689-3093996007d6', 'TS98495', 'Dell Vostro', NULL, NULL, NULL, '17120d02-6ab5-3e43-18cb-66948daf6128', 'D007', 'Phòng Nội trú', '3f8e6896-4c7d-15f5-a018-75d8bd200d7c', 'AFT003', 'Máy tính cá nhân', '2018-05-09 01:30:30', 16017700, 3, 10, 1601770, '2018-05-16 00:00:00', 10, 2023, 1, 'Trịnh Tuấn Minh', '2023-04-12 10:37:25', 'Nguyễn Thị Mai', '2023-04-12 17:03:39', '[{"budget_name":"Ngân sách tỉnh","mount":11212390.0000, "errorMsg": "", "errorMount": ""},{"budget_name":"Ngân sách huyện","mount":4805310.0000, "errorMsg": "", "errorMount": ""}]'),
('f4985566-0306-4ec8-b798-83ec9b97aa2f', 'TS98482', 'Dell Alie', NULL, NULL, NULL, '142cb08f-7c31-21fa-8e90-67245e8b283e', 'D009', 'Phòng Đào Tạo', '45ac3d26-18f2-18a9-3031-644313fbb055', 'FAT006', 'Máy tính lượng tử', '2012-12-31 17:00:00', 7586702, 4, 10, 758670, '2013-11-30 17:00:00', 10, 2023, 1, 'Nguyễn Tuấn Cường', '2023-04-11 20:54:53', 'Nguyễn Việt Anh', '2023-04-11 20:54:53', '[{"budget_name":"Ngân sách tỉnh","mount":5310691.4000, "errorMsg": "", "errorMount": ""},{"budget_name":"Ngân sách huyện","mount":2276010.6000, "errorMsg": "", "errorMount": ""}]'),
('f6500d5d-698d-46ec-81bc-4a2fa40142ef', 'TS98371', 'Dell XPS 15', NULL, NULL, NULL, '4577565a-7e3e-493a-74dd-867949feb8b5', 'D001', 'Phòng Giám đốc', '75cce5a6-4f7f-3671-3cf3-eb0223d0a4f7', 'FAT005', 'Máy tính bảng', '2021-03-28 00:00:00', 31117357, 3, 4.35, 1244694, '2021-03-28 00:00:00', 23, 2023, 0, 'Nguyễn Việt Lệ', '2023-03-28 10:16:11', 'Nguyễn Việt Loan', '2023-03-28 10:16:11', '[{"budget_name":"Ngân sách tỉnh","mount":21782149.9000, "errorMsg": "", "errorMount": ""},{"budget_name":"Ngân sách huyện","mount":9335207.1000, "errorMsg": "", "errorMount": ""}]'),
('f9a3ff08-a84d-41ec-975d-562ad46b4c70', 'TS98339', 'Acer', NULL, NULL, NULL, '142cb08f-7c31-21fa-8e90-67245e8b283e', 'D009', 'Phòng Đào Tạo\r\n', '35e773ea-5d44-2dda-26a8-6d513e380bde', 'AFT001', 'Máy tính để bàn', '2023-03-28 00:00:00', 30000000, 3, 12.5, 3600000, '2023-03-28 00:00:00', 8, 2023, 0, NULL, '2023-03-28 09:10:53', NULL, '2023-03-28 09:10:53', '[{"budget_name":"Ngân sách tỉnh","mount":21000000.0000, "errorMsg": "", "errorMount": ""},{"budget_name":"Ngân sách huyện","mount":9000000.0000, "errorMsg": "", "errorMount": ""}]'),
('fa4c6931-b027-439e-9a83-dc4d535af064', 'TS98392', 'Iphone 13 PRM', NULL, NULL, NULL, '11452b0c-768e-5ff7-0d63-eeb1d8ed8cef', 'D003', 'Phòng Hội trường lớn', '3f8e6896-4c7d-15f5-a018-75d8bd200d7c', 'AFT003', 'Máy tính cá nhân', '2022-04-01 00:00:00', 23000000, 3, 7.69, 1610000, '2022-04-01 00:00:00', 13, 2023, 0, NULL, '2023-04-01 09:47:29', NULL, '2023-04-01 09:47:29', '[{"budget_name":"Ngân sách tỉnh","mount":16100000.0000, "errorMsg": "", "errorMount": ""},{"budget_name":"Ngân sách huyện","mount":6900000.0000, "errorMsg": "", "errorMount": ""}]'),
('fb20db8c-44b6-4d97-9f3f-3d9deeb73419', 'TS98388', 'Dell Inspiron 55935', NULL, NULL, NULL, '17120d02-6ab5-3e43-18cb-66948daf6128', 'D007', 'Phòng Nội trú', '3f8e6896-4c7d-15f5-a018-75d8bd200d7c', 'AFT003', 'Máy tính cá nhân', '2021-04-01 00:00:00', 40000000, 10, 10, 4000000, '2021-04-01 00:00:00', 10, 2023, 0, 'Nguyễn Minh Hoàng', '2023-04-01 09:45:06', 'Nguyễn Diễm Thuận', '2023-04-01 09:45:06', '[{"budget_name":"Ngân sách tỉnh","mount":28000000.0000, "errorMsg": "", "errorMount": ""},{"budget_name":"Ngân sách huyện","mount":12000000.0000, "errorMsg": "", "errorMount": ""}]'),
('fb481fd4-1279-449d-8260-434e71f7112b', 'TS98337', 'Dell XPS 15', NULL, NULL, NULL, '4577565a-7e3e-493a-74dd-867949feb8b5', 'D001', 'Phòng Giám đốc', '75cce5a6-4f7f-3671-3cf3-eb0223d0a4f7', 'FAT005', 'Máy tính bảng', '2023-03-28 00:00:00', 31117357, 3, 4.35, 1244694, '2023-03-28 00:00:00', 23, 2023, 0, 'Nguyễn Việt Lệ', '2023-03-28 09:10:46', 'Nguyễn Việt Loan', '2023-03-28 09:10:46', '[{"budget_name":"Ngân sách tỉnh","mount":21782149.9000, "errorMsg": "", "errorMount": ""},{"budget_name":"Ngân sách huyện","mount":9335207.1000, "errorMsg": "", "errorMount": ""}]'),
('fc2d0149-ea5b-4a75-8b75-2708a7334bd1', 'TS98325', 'Iphone  13', NULL, NULL, NULL, '142cb08f-7c31-21fa-8e90-67245e8b283e', 'D009', 'Phòng Đào Tạo\r\n', '3f8e6896-4c7d-15f5-a018-75d8bd200d7c', 'AFT003', 'Máy tính cá nhân', '2023-03-24 00:00:00', 20000000, 2, 10, 2000000, '2023-03-24 00:00:00', 10, 2023, 0, NULL, '2023-03-24 10:26:49', NULL, '2023-03-24 10:26:49', '[{"budget_name":"Ngân sách tỉnh","mount":14000000.0000, "errorMsg": "", "errorMount": ""},{"budget_name":"Ngân sách huyện","mount":6000000.0000, "errorMsg": "", "errorMount": ""}]'),
('fc54a060-f91c-4b87-9297-320aa30c2095', 'TS98436', 'Acer', NULL, NULL, NULL, '142cb08f-7c31-21fa-8e90-67245e8b283e', 'D009', 'Phòng Đào Tạo\r\n', '35e773ea-5d44-2dda-26a8-6d513e380bde', 'AFT001', 'Máy tính để bàn', '2023-03-15 00:00:00', 50000000, 3, 12.5, 6000000, '2023-03-15 00:00:00', 8, 2023, 1, NULL, '2023-04-04 08:53:38', NULL, '2023-05-08 09:08:18', '[{"budget_name":"Ngân sách tỉnh","mount":35000000.0000, "errorMsg": "", "errorMount": ""},{"budget_name":"Ngân sách huyện","mount":15000000.0000, "errorMsg": "", "errorMount": ""}]'),
('fe025a73-73c0-49b7-a947-4d3d4be983ce', 'TS98457', 'iphone', NULL, NULL, NULL, '17120d02-6ab5-3e43-18cb-66948daf6128', 'D007', 'Phòng Nội trú\r\n', '3f8e6896-4c7d-15f5-a018-75d8bd200d7c', 'AFT003', 'Máy tính cá nhân', '2023-04-06 00:00:00', 10000000, 10, 10, 1000000, '2023-04-06 00:00:00', 10, 2023, 1, NULL, '2023-04-06 17:25:00', NULL, '2023-04-06 17:25:00', '[{"budget_name":"Ngân sách tỉnh","mount":7000000.0000, "errorMsg": "", "errorMount": ""},{"budget_name":"Ngân sách huyện","mount":3000000.0000, "errorMsg": "", "errorMount": ""}]');

-- 
-- Dumping data for table fixed_asset_increment_detail
--
INSERT INTO fixed_asset_increment_detail VALUES
('003bbfd3-3df5-496c-88f8-4a990a46819c', NULL, NULL, NULL, NULL, '76b24879-b38e-4376-9051-5bac8a032ad4'),
('040c440e-45bb-4e9a-9319-c852c585e7a6', NULL, NULL, NULL, '2023-05-13 10:21:11', '7f2b48b2-8e86-40aa-87cf-3e9e7d4da22e'),
('12ceb7b4-6ce5-4df5-b2de-b15c428e0f2a', NULL, NULL, NULL, NULL, 'fd7e10ea-2853-4d9f-9ddb-795e462f2a14'),
('14af05fd-8fb9-490d-9e92-c8e985bed40c', NULL, NULL, NULL, '2023-05-04 17:14:05', '4070526f-f54b-4b07-b727-6a05ffd7e314'),
('185baaa0-2285-40ba-810d-8d08257bec6a', NULL, NULL, NULL, '2023-05-12 15:13:29', 'c1fa0d81-b48f-40f8-acee-fbd9c9b57d1f'),
('190d9b10-068f-40b8-845d-92dcfc5ea1b1', NULL, NULL, NULL, '2023-05-03 11:27:57', '8c997121-6417-4904-b6a5-1ab0e0bb81e0'),
('2b24d90a-3a0d-4dda-a4ff-ae1197c62c8f', NULL, NULL, NULL, '2023-04-27 08:22:58', 'a31b88c9-f313-47f7-8c54-daf7235b4538'),
('35c3a053-254d-33f3-1b80-de64d090a2c2', NULL, NULL, NULL, '2023-04-25 15:51:01', 'f6074325-ff9c-450b-8347-26950a21f524'),
('48026af4-cc71-4ad6-aac6-1311bb5f84c8', NULL, NULL, NULL, NULL, '38034565-47da-4dac-903f-bab2ed3a6ab7'),
('57286e62-b4a2-4a66-9d7c-27867a35aca1', NULL, NULL, NULL, '2023-05-13 10:25:56', '84ea77d4-4d8a-4afa-81d9-8b582612c5c1'),
('5a870257-8e3c-4a24-8bda-fb477ee7b1e4', NULL, NULL, NULL, '2023-04-25 15:51:01', 'f6074325-ff9c-450b-8347-26950a21f524'),
('5ac6c450-0154-41d1-ad7f-c299b69407bc', NULL, NULL, NULL, '2023-05-04 17:01:36', '9580f18d-77a4-45c3-bc12-735c848346c1'),
('5c362a90-2b57-439b-bc8a-488927c9312f', NULL, NULL, NULL, '2023-05-02 08:34:25', '32a99c95-11b5-4e89-86b0-d4227b5e73c3'),
('5cbc706e-e3c4-4f88-9896-a49d357d4faa', NULL, NULL, NULL, '2023-05-04 17:01:36', '9580f18d-77a4-45c3-bc12-735c848346c1'),
('5db4cb61-ef3e-474f-bc39-55c053245ae8', NULL, NULL, NULL, '2023-05-12 09:49:37', '82fb4c7e-91b5-485a-877f-b8d1021da022'),
('5f03d745-7702-1c85-2bc2-579daad24557', NULL, NULL, NULL, '2023-04-25 15:51:01', 'f6074325-ff9c-450b-8347-26950a21f524'),
('6059d2de-b013-416e-b278-fc0f901e7338', NULL, NULL, NULL, '2023-05-04 17:07:48', '9580f18d-77a4-45c3-bc12-735c848346c1'),
('6175f86f-f02e-4549-b8b6-bfb9e1a4684b', NULL, NULL, NULL, '2023-05-10 11:47:01', '8b110b93-16be-4fab-8fbc-317dda3a1666'),
('649ad4f5-b7c6-4317-811f-bb426fbe71d4', NULL, NULL, NULL, '2023-05-04 17:11:06', '4c354527-2d4f-496e-bfff-dcd37ae3c3de'),
('78d58931-79a1-4c95-82f3-5411dc5b2ea5', NULL, NULL, NULL, NULL, 'e3ebe1e1-1f1f-42b1-87b5-3f6ff547a29d'),
('79baffd8-9048-4c1a-b81d-e08d337ec0bb', NULL, NULL, NULL, '2023-05-04 17:02:08', '32a99c95-11b5-4e89-86b0-d4227b5e73c3'),
('7b16f782-e10e-46c5-bd46-fa70f480e986', NULL, NULL, NULL, '2023-04-25 15:51:01', 'f6074325-ff9c-450b-8347-26950a21f524'),
('7d8ecfd7-4981-4e49-93ba-1fdc6a481693', NULL, NULL, NULL, '2023-04-23 16:20:54', '32a99c95-11b5-4e89-86b0-d4227b5e73c3'),
('80fb7028-4b00-4bf3-b679-198b19e4250a', NULL, NULL, NULL, '2023-04-23 10:49:15', '047ecca1-5443-43a4-b09a-82914cdb2b2f'),
('81068834-752a-47e1-82db-b754c7189dd7', NULL, NULL, NULL, '2023-05-06 20:34:23', '3b5d1dd2-a028-4f76-910d-8f780feea330'),
('814de069-c415-44d1-928d-8592f17dd728', NULL, NULL, NULL, '2023-05-03 10:59:52', 'fc12ad9d-a211-45e9-8f19-fcd0d45d2b21'),
('8440872e-0adc-490e-b07b-77c3b8a280fb', NULL, NULL, NULL, '2023-05-12 09:26:21', '4adf5c99-a4ca-47c5-a869-c529a08d9546'),
('895c277e-b61e-43cc-8dff-fbe461453a34', NULL, NULL, NULL, '2023-04-21 11:26:33', 'ebe77fc9-0994-4899-9b29-0abc06d0affc'),
('8b8bcbda-9dab-4541-b68b-dd95aefe1ec9', NULL, NULL, NULL, '2023-05-06 21:22:07', 'e1c47d74-ced1-4fb8-a4e4-c1bb827186cd'),
('9432b39e-cfb5-4115-b71f-aad278c82efc', NULL, NULL, NULL, '2023-05-06 21:22:41', '47196aa6-929d-44f0-ad01-81575f16ccd1'),
('9a096106-57bc-43ee-bb66-4106bd9bf25a', NULL, NULL, NULL, '2023-05-04 17:13:22', '4070526f-f54b-4b07-b727-6a05ffd7e314'),
('9b156e99-c5ea-4fa2-b750-f8c40dfa0231', NULL, NULL, NULL, '2023-05-06 20:26:32', 'e1c47d74-ced1-4fb8-a4e4-c1bb827186cd'),
('a315f743-ede9-4290-853f-4bfc9d3a32b3', NULL, NULL, NULL, '2023-04-23 10:49:15', '047ecca1-5443-43a4-b09a-82914cdb2b2f'),
('a62c7d33-6d1c-4724-8f58-c5706b434a1f', NULL, NULL, NULL, NULL, 'f57ee8da-d884-4e23-9d4e-6a83744d0e92'),
('a78ab25c-82db-42d7-a6ba-7e527b47bb65', NULL, NULL, NULL, '2023-04-25 15:51:01', 'f6074325-ff9c-450b-8347-26950a21f524'),
('a8e15540-2535-4836-a33a-2ad649e78c2e', NULL, NULL, NULL, NULL, '68d3dd45-9a92-4874-b3dc-a7641709b496'),
('aa546cb9-e158-43f0-8f02-8a68020a8f84', NULL, NULL, NULL, '2023-05-06 20:34:23', '3b5d1dd2-a028-4f76-910d-8f780feea330'),
('ae5e3cfd-2a1a-411c-a90b-1d45aac5abd2', NULL, NULL, NULL, '2023-04-22 22:44:36', '32a99c95-11b5-4e89-86b0-d4227b5e73c3'),
('b093ae4a-88e2-4ab1-9eb2-af457d8e2bf5', NULL, NULL, NULL, '2023-04-25 15:51:01', 'f6074325-ff9c-450b-8347-26950a21f524'),
('b543a19b-7dd8-43d7-8b6d-c51babb239ec', NULL, NULL, NULL, '2023-05-04 17:10:47', '4c354527-2d4f-496e-bfff-dcd37ae3c3de'),
('b5fe28a5-fe36-40e6-858b-4b479cf9003d', NULL, NULL, NULL, '2023-04-25 15:51:01', 'f6074325-ff9c-450b-8347-26950a21f524'),
('b89d7197-f7ef-4245-b1ea-ce6d430a5553', NULL, NULL, NULL, '2023-04-23 10:49:15', '047ecca1-5443-43a4-b09a-82914cdb2b2f'),
('b96b662d-0262-439e-a308-4c8bce97fbc6', NULL, NULL, NULL, NULL, '5b2399a3-8ecc-4e09-ad47-a35d764f569d'),
('c683cd4b-5f5b-4128-a6f3-87493aa3d20d', NULL, NULL, NULL, '2023-05-04 17:08:53', 'a31b88c9-f313-47f7-8c54-daf7235b4538'),
('cd50a997-6557-4739-ae14-61b405162b8f', NULL, NULL, NULL, '2023-05-06 21:22:41', '47196aa6-929d-44f0-ad01-81575f16ccd1'),
('ce66f32d-5b1d-4903-9b7e-a2379723cd42', NULL, NULL, NULL, '2023-04-26 11:32:32', '9580f18d-77a4-45c3-bc12-735c848346c1'),
('d046883b-4ed5-45cf-81d3-fc867a3f1284', NULL, NULL, NULL, NULL, 'fc12ad9d-a211-45e9-8f19-fcd0d45d2b21'),
('d9940206-4b2d-4bf2-803b-6e0f2eda1e17', NULL, NULL, NULL, '2023-04-25 15:51:01', 'f6074325-ff9c-450b-8347-26950a21f524'),
('e2a10e97-173a-485e-a18b-e3e330aced60', NULL, NULL, NULL, NULL, '47ee12e5-0867-442c-b0ad-e19081380454'),
('e5d228fd-4590-4f13-9661-e627c974e37c', NULL, NULL, NULL, '2023-05-06 20:35:44', '47196aa6-929d-44f0-ad01-81575f16ccd1'),
('e86c783f-81c2-48f9-ac75-381d80ab7da3', NULL, NULL, NULL, '2023-05-04 17:03:39', '76b24879-b38e-4376-9051-5bac8a032ad4'),
('e9a6dbaa-dc0a-42cd-8e38-ba18cdbd4156', NULL, NULL, NULL, '2023-05-06 20:26:53', 'e1c47d74-ced1-4fb8-a4e4-c1bb827186cd'),
('ed22cf9a-4c45-48fc-bbf6-aee113130138', NULL, NULL, NULL, '2023-05-12 10:14:37', 'b2ae8944-ab6c-4d43-ab21-d63fca27e944'),
('f0109f2d-83f4-4e0e-a6ff-99265e360c77', NULL, NULL, NULL, '2023-05-06 20:34:23', '3b5d1dd2-a028-4f76-910d-8f780feea330'),
('f373084f-5af3-4b93-9689-3093996007d6', NULL, NULL, NULL, '2023-05-04 17:12:05', '4070526f-f54b-4b07-b727-6a05ffd7e314'),
('f4985566-0306-4ec8-b798-83ec9b97aa2f', NULL, NULL, NULL, NULL, '035bc644-303c-4d44-8401-ebc588b1bac3'),
('fc54a060-f91c-4b87-9297-320aa30c2095', NULL, NULL, NULL, '2023-05-09 16:22:50', 'ba0e4f77-0d9a-4992-bee4-b2221e6240ab'),
('fe025a73-73c0-49b7-a947-4d3d4be983ce', NULL, NULL, NULL, '2023-04-22 16:59:10', 'ebe77fc9-0994-4899-9b29-0abc06d0affc');

-- 
-- Dumping data for table budget
--
INSERT INTO budget VALUES
('0db59e3a-a258-40ef-a621-8bdb7df1c09c', 'NST', 'Ngân sách tỉnh', 100000000.0000),
('496e4b90-7422-4ffb-a589-6d11068c8119', 'NSX', 'Ngân sách xã', 1000000.0000),
('a9242f6d-cf3d-4304-aaa7-da826633171f', 'NSTU', 'Ngân sách trung ương', 1000000.0000),
('d76fb525-9211-4488-8764-42addf9c5ef5', 'NSH', 'Ngân sách huyện', 10000000.0000);

-- 
-- Restore previous SQL mode
-- 
/*!40101 SET SQL_MODE=@OLD_SQL_MODE */;

-- 
-- Enable foreign keys
-- 
/*!40014 SET FOREIGN_KEY_CHECKS=@OLD_FOREIGN_KEY_CHECKS */;